<?xml version="1.0" encoding="utf-8"?><shortcuts>
	<shortcut>
		<defaultID/>
		<label>המוזיקה שלי</label>
		<label2>הרחבת מוזיקה</label2>
		<icon>DefaultShortcut.png</icon>
		<thumb>special://profile/addon_data/script.skinshortcuts/skin.eminence.zeev-thumb-המוזיקה שלי.png</thumb>
		<action>ActivateWindow(10501,&quot;plugin://plugin.video.htpt.music/?url=MyMusic&amp;mode=100&amp;name=%D7%94%D7%9E%D7%95%D7%96%D7%99%D7%A7%D7%94+%D7%A9%D7%9C%D7%99&amp;iconimage=&amp;desc=&amp;num=1&amp;viewtype=50&quot;,return)</action>
	</shortcut>
	<shortcut>
		<defaultID>plugin.video.kodisraelliveconcert</defaultID>
		<label>הופעות חיות</label>
		<label2>הרחבת וידאו</label2>
		<icon>DefaultShortcut.png</icon>
		<thumb>special://profile/addon_data/script.skinshortcuts/skin.eminence.zeev-thumb-plugin.video.kodisraelliveconcert.png</thumb>
		<action>ActivateWindow(10025,&quot;plugin://plugin.video.kodisraelliveconcert&quot;,return)</action>
	</shortcut>
	<shortcut>
		<defaultID/>
		<label>מוזיקה ישראלית</label>
		<label2>הרחבת מוזיקה</label2>
		<icon>DefaultShortcut.png</icon>
		<thumb>special://profile/addon_data/script.skinshortcuts/skin.eminence.zeev-thumb-מוזיקה ישראלית.png</thumb>
		<action>ActivateWindow(10501,&quot;plugin://plugin.video.htpt.music/?url=&amp;mode=101&amp;name=%D7%9E%D7%95%D7%96%D7%99%D7%A7%D7%94+%D7%99%D7%A9%D7%A8%D7%90%D7%9C%D7%99%D7%AA&amp;iconimage=C%3A%5CUsers%5Cmoshiko.DANORSBS%5CAppData%5CRoaming%5CKodi%5Caddons%5Cservice.htpt%5Cresources%5Cmedia%5Cmusic.png&amp;desc=%5BCOLOR%3DYellow%5D%D7%9B%D7%9C+%D7%94%D7%96%D7%9E%D7%A8%D7%99%D7%9D+%D7%94%D7%99%D7%A9%D7%A8%D7%90%D7%9C%D7%99%D7%9D%21%5B%2FCOLOR%5D%5BCR%5D%5BCR%5D&amp;num=1&amp;viewtype=58&quot;,return)</action>
	</shortcut>
	<shortcut>
		<defaultID/>
		<label>מוזיקה לועזית</label>
		<label2>הרחבת מוזיקה</label2>
		<icon>DefaultShortcut.png</icon>
		<thumb>special://profile/addon_data/script.skinshortcuts/skin.eminence.zeev-thumb-מוזיקה לועזית.png</thumb>
		<action>ActivateWindow(10501,&quot;plugin://plugin.video.htpt.music/?url=&amp;mode=111&amp;name=%D7%9E%D7%95%D7%96%D7%99%D7%A7%D7%94+%D7%9C%D7%95%D7%A2%D7%96%D7%99%D7%AA&amp;iconimage=C%3A%5CUsers%5Cmoshiko.DANORSBS%5CAppData%5CRoaming%5CKodi%5Caddons%5Cservice.htpt%5Cresources%5Cmedia%5Cmusic.png&amp;desc=%5BCOLOR%3DYellow%5D%D7%9B%D7%9C+%D7%94%D7%96%D7%9E%D7%A8%D7%99%D7%9D+%D7%94%D7%9E%D7%95%D7%91%D7%99%D7%9C%D7%99%D7%9D+%D7%9E%D7%97%D7%95%22%D7%9C%21%5B%2FCOLOR%5D%5BCR%5D%5BCR%5D&amp;num=1&amp;viewtype=58&quot;,return)</action>
	</shortcut>
	<shortcut>
		<defaultID/>
		<label>הופעות חיות מישראל</label>
		<label2>הרחבת מוזיקה</label2>
		<icon>DefaultShortcut.png</icon>
		<thumb>special://profile/addon_data/script.skinshortcuts/skin.eminence.zeev-thumb-הופעות חיות מישראל.png</thumb>
		<action>ActivateWindow(10501,&quot;plugin://plugin.video.htpt.music/?url=&amp;mode=104&amp;name=%D7%94%D7%95%D7%A4%D7%A2%D7%95%D7%AA+%D7%97%D7%99%D7%95%D7%AA+%D7%9E%D7%99%D7%A9%D7%A8%D7%90%D7%9C&amp;iconimage=C%3A%5CUsers%5Cmoshiko.DANORSBS%5CAppData%5CRoaming%5CKodi%5Caddons%5Cservice.htpt%5Cresources%5Cmedia%5Cguitar.png&amp;desc=%5BCOLOR%3DYellow%5D%D7%9B%D7%9C+%D7%94%D7%95%D7%A4%D7%A2%D7%95%D7%AA+%D7%94%D7%96%D7%9E%D7%A8%D7%99%D7%9D+%D7%94%D7%99%D7%A9%D7%A8%D7%90%D7%9C%D7%99%D7%9D%21%5B%2FCOLOR%5D%5BCR%5D%5BCR%5D&amp;num=1&amp;viewtype=58&quot;,return)</action>
	</shortcut>
	<shortcut>
		<defaultID/>
		<label>קריוקי ישראלי</label>
		<label2>הרחבת מוזיקה</label2>
		<icon>DefaultShortcut.png</icon>
		<thumb>special://profile/addon_data/script.skinshortcuts/skin.eminence.zeev-thumb-קריוקי ישראלי.png</thumb>
		<action>ActivateWindow(10501,&quot;plugin://plugin.video.htpt.music/?url=&amp;mode=102&amp;name=%D7%A7%D7%A8%D7%99%D7%95%D7%A7%D7%99+%D7%99%D7%A9%D7%A8%D7%90%D7%9C%D7%99&amp;iconimage=C%3A%5CUsers%5Cmoshiko.DANORSBS%5CAppData%5CRoaming%5CKodi%5Caddons%5Cservice.htpt%5Cresources%5Cmedia%5Ckaraoke.png&amp;desc=%5BCOLOR%3DYellow%5D%D7%9B%D7%9C+%D7%A9%D7%99%D7%A8%D7%99+%D7%94%D7%A7%D7%A8%D7%99%D7%95%D7%A7%D7%99+%D7%94%D7%99%D7%A9%D7%A8%D7%90%D7%9C%D7%99%D7%9D%21%5B%2FCOLOR%5D%5BCR%5D%5BCR%5D&amp;num=1&amp;viewtype=58&quot;,return)</action>
	</shortcut>
	<shortcut>
		<defaultID/>
		<label>גלגל&quot;צ</label>
		<label2>הרחבת מוזיקה</label2>
		<icon>DefaultShortcut.png</icon>
		<thumb>special://profile/addon_data/script.skinshortcuts/skin.eminence.zeev-thumb-גלגל&quot;צ.png</thumb>
		<action>ActivateWindow(10501,&quot;plugin://plugin.video.spotitube/?url=&amp;mode=GalgalatzMain&amp;type=&amp;limit=&quot;,return)</action>
	</shortcut>
	<shortcut>
		<defaultID/>
		<label>Disi</label>
		<label2>הרחבת מוזיקה</label2>
		<icon>DefaultShortcut.png</icon>
		<thumb>special://profile/addon_data/script.skinshortcuts/skin.eminence.zeev-thumb-Disi.png</thumb>
		<action>ActivateWindow(10501,&quot;plugin://plugin.video.spotitube/?url=&amp;mode=DisiMain&amp;type=&amp;limit=&quot;,return)</action>
	</shortcut>
	<shortcut>
		<defaultID/>
		<label>המצעד של איטיונס</label>
		<label2>הרחבת מוזיקה</label2>
		<icon>DefaultShortcut.png</icon>
		<thumb>special://profile/addon_data/script.skinshortcuts/skin.eminence.zeev-thumb-המצעד של איטיונס.png</thumb>
		<action>ActivateWindow(10501,&quot;plugin://plugin.video.spotitube/?url=&amp;mode=itunesMain&amp;type=&amp;limit=&quot;,return)</action>
	</shortcut>
	<shortcut>
		<defaultID/>
		<label>Beatport</label>
		<label2>הרחבת מוזיקה</label2>
		<icon>DefaultShortcut.png</icon>
		<thumb>special://profile/addon_data/script.skinshortcuts/skin.eminence.zeev-thumb-Beatport.png</thumb>
		<action>ActivateWindow(10501,&quot;plugin://plugin.video.spotitube/?url=&amp;mode=bpMain&amp;type=&amp;limit=&quot;,return)</action>
	</shortcut>
	<shortcut>
		<defaultID/>
		<label>Billboard</label>
		<label2>הרחבת מוזיקה</label2>
		<icon>DefaultShortcut.png</icon>
		<thumb>special://profile/addon_data/script.skinshortcuts/skin.eminence.zeev-thumb-Billboard.png</thumb>
		<action>ActivateWindow(10501,&quot;plugin://plugin.video.spotitube/?url=&amp;mode=billboardMain&amp;type=&amp;limit=&quot;,return)</action>
	</shortcut>
</shortcuts>