<?xml version="1.0" encoding="utf-8"?><shortcuts>
	<shortcut>
		<defaultID/>
		<label>סרטים אחרונים</label>
		<label2>הרחבת וידאו</label2>
		<icon>DefaultShortcut.png</icon>
		<thumb>special://profile/addon_data/script.skinshortcuts/skin.eminence.zeev-thumb-סרטים אחרונים.jpg</thumb>
		<action>ActivateWindow(10025,&quot;plugin://plugin.video.genesis/?action=movieWidget&quot;,return)</action>
	</shortcut>
	<shortcut>
		<defaultID/>
		<label>סגנונות</label>
		<label2>הרחבת וידאו</label2>
		<icon>DefaultShortcut.png</icon>
		<thumb>special://profile/addon_data/script.skinshortcuts/skin.eminence.zeev-thumb-סגנונות.jpg</thumb>
		<action>ActivateWindow(10025,&quot;plugin://plugin.video.genesis/?action=movieGenres&quot;,return)</action>
	</shortcut>
	<shortcut>
		<defaultID/>
		<label>מומלצים</label>
		<label2>הרחבת וידאו</label2>
		<icon>DefaultShortcut.png</icon>
		<thumb>special://profile/addon_data/script.skinshortcuts/skin.eminence.zeev-thumb-מומלצים.jpg</thumb>
		<action>ActivateWindow(10025,&quot;plugin://plugin.video.genesis/?action=movies&amp;url=featured&quot;,return)</action>
	</shortcut>
	<shortcut>
		<defaultID/>
		<label>שוברי קופות</label>
		<label2>הרחבת וידאו</label2>
		<icon>DefaultShortcut.png</icon>
		<thumb>special://profile/addon_data/script.skinshortcuts/skin.eminence.zeev-thumb-שוברי קופות.jpg</thumb>
		<action>ActivateWindow(10025,&quot;plugin://plugin.video.genesis/?action=movies&amp;url=boxoffice&quot;,return)</action>
	</shortcut>
	<shortcut>
		<defaultID/>
		<label>שנה</label>
		<label2>הרחבת וידאו</label2>
		<icon>DefaultShortcut.png</icon>
		<thumb>special://profile/addon_data/script.skinshortcuts/skin.eminence.zeev-thumb-שנה.jpg</thumb>
		<action>ActivateWindow(10025,&quot;plugin://plugin.video.genesis/?action=movieYears&quot;,return)</action>
	</shortcut>
	<shortcut>
		<defaultID/>
		<label>עכשיו בקולנוע</label>
		<label2>הרחבת וידאו</label2>
		<icon>DefaultShortcut.png</icon>
		<thumb>special://profile/addon_data/script.skinshortcuts/skin.eminence.zeev-thumb-עכשיו בקולנוע.jpg</thumb>
		<action>ActivateWindow(10025,&quot;plugin://plugin.video.genesis/?action=movies&amp;url=theaters&quot;,return)</action>
	</shortcut>
	<shortcut>
		<defaultID/>
		<label>שחקנים</label>
		<label2>הרחבת וידאו</label2>
		<icon>DefaultShortcut.png</icon>
		<thumb>special://profile/addon_data/script.skinshortcuts/skin.eminence.zeev-thumb-שחקנים.jpg</thumb>
		<action>ActivateWindow(10025,&quot;plugin://plugin.video.genesis/?action=moviePersons&quot;,return)</action>
	</shortcut>
	<shortcut>
		<defaultID/>
		<label>נצפה הכי הרבה</label>
		<label2>הרחבת וידאו</label2>
		<icon>DefaultShortcut.png</icon>
		<thumb>special://profile/addon_data/script.skinshortcuts/skin.eminence.zeev-thumb-נצפה הכי הרבה.jpg</thumb>
		<action>ActivateWindow(10025,&quot;plugin://plugin.video.genesis/?action=movies&amp;url=views&quot;,return)</action>
	</shortcut>
	<shortcut>
		<defaultID/>
		<label>חיפוש</label>
		<label2>הרחבת וידאו</label2>
		<icon>DefaultShortcut.png</icon>
		<thumb>special://profile/addon_data/script.skinshortcuts/skin.eminence.zeev-thumb-חיפוש.jpg</thumb>
		<action>ActivateWindow(10025,&quot;plugin://plugin.video.genesis/?action=movieSearch&quot;,return)</action>
	</shortcut>
	<shortcut>
		<defaultID>653</defaultID>
		<label>653</label>
		<label2>Movie Hub Shortcut</label2>
		<icon>special://skin/extras/icons/update.png</icon>
		<thumb/>
		<action>UpdateLibrary(video)</action>
	</shortcut>
</shortcuts>