<?xml version="1.0" encoding="utf-8"?><shortcuts>
	<shortcut>
		<defaultID/>
		<label>פרקים אחרונים</label>
		<label2>הרחבת וידאו</label2>
		<icon>DefaultShortcut.png</icon>
		<thumb>special://profile/addon_data/script.skinshortcuts/skin.eminence.zeev-thumb-פרקים אחרונים.jpg</thumb>
		<action>ActivateWindow(10025,&quot;plugin://plugin.video.genesis/?action=calendar&amp;url=added&quot;,return)</action>
	</shortcut>
	<shortcut>
		<defaultID/>
		<label>סגנונות</label>
		<label2>הרחבת וידאו</label2>
		<icon>DefaultShortcut.png</icon>
		<thumb>special://profile/addon_data/script.skinshortcuts/skin.eminence.zeev-thumb-סגנונות.jpg</thumb>
		<action>ActivateWindow(10025,&quot;plugin://plugin.video.genesis/?action=tvGenres&quot;,return)</action>
	</shortcut>
	<shortcut>
		<defaultID/>
		<label>פופולארי</label>
		<label2>הרחבת וידאו</label2>
		<icon>DefaultShortcut.png</icon>
		<thumb>special://profile/addon_data/script.skinshortcuts/skin.eminence.zeev-thumb-פופולארי.jpg</thumb>
		<action>ActivateWindow(10025,&quot;plugin://plugin.video.genesis/?action=tvshows&amp;url=popular&quot;,return)</action>
	</shortcut>
	<shortcut>
		<defaultID/>
		<label>סדרות חדשות</label>
		<label2>הרחבת וידאו</label2>
		<icon>DefaultShortcut.png</icon>
		<thumb>special://profile/addon_data/script.skinshortcuts/skin.eminence.zeev-thumb-סדרות חדשות.jpg</thumb>
		<action>ActivateWindow(10025,&quot;plugin://plugin.video.genesis/?action=tvshows&amp;url=premiere&quot;,return)</action>
	</shortcut>
	<shortcut>
		<defaultID/>
		<label>משודר היום</label>
		<label2>הרחבת וידאו</label2>
		<icon>DefaultShortcut.png</icon>
		<thumb>special://profile/addon_data/script.skinshortcuts/skin.eminence.zeev-thumb-משודר היום.jpg</thumb>
		<action>ActivateWindow(10025,&quot;plugin://plugin.video.genesis/?action=tvshows&amp;url=airing&quot;,return)</action>
	</shortcut>
	<shortcut>
		<defaultID/>
		<label>חיפוש</label>
		<label2>הרחבת וידאו</label2>
		<icon>DefaultShortcut.png</icon>
		<thumb>special://profile/addon_data/script.skinshortcuts/skin.eminence.zeev-thumb-חיפוש.jpg</thumb>
		<action>ActivateWindow(10025,&quot;plugin://plugin.video.genesis/?action=tvSearch&quot;,return)</action>
	</shortcut>
	<shortcut>
		<defaultID>653</defaultID>
		<label>653</label>
		<label2>Episode Hub Shortcut</label2>
		<icon>special://skin/extras/icons/update.png</icon>
		<thumb/>
		<action>UpdateLibrary(video)</action>
	</shortcut>
</shortcuts>