<?xml version="1.0" encoding="utf-8"?><shortcuts>
	<shortcut>
		<defaultID>20342</defaultID>
		<label>20342</label>
		<label2>Movie Hub Shortcut</label2>
		<icon>special://skin/extras/icons/film.png</icon>
		<thumb>special://profile/addon_data/script.skinshortcuts/skin.phenomenal-thumb-20342.png</thumb>
		<action>ActivateWindow(Videos,MovieTitles,return)</action>
	</shortcut>
	<shortcut>
		<defaultID/>
		<label>שנה</label>
		<label2>הרחבת וידאו</label2>
		<icon>DefaultShortcut.png</icon>
		<thumb>special://profile/addon_data/script.skinshortcuts/skin.phenomenal-thumb-שנה.jpg</thumb>
		<action>ActivateWindow(10025,&quot;plugin://plugin.video.genesis/?action=movieYears&quot;,return)</action>
	</shortcut>
	<shortcut>
		<defaultID>31100</defaultID>
		<label>$SKIN[31100|skin.eminence.zeev|נוספו לאחרונה]</label>
		<label2>Movie Hub Shortcut</label2>
		<icon>special://skin/extras/icons/recentlyadded.png</icon>
		<thumb>special://profile/addon_data/script.skinshortcuts/skin.phenomenal-thumb-31100.png</thumb>
		<action>ActivateWindow(Videos,RecentlyAddedMovies,return)</action>
	</shortcut>
	<shortcut>
		<defaultID>135</defaultID>
		<label>135</label>
		<label2>Movie Hub Shortcut</label2>
		<icon>special://skin/extras/icons/genre.png</icon>
		<thumb>special://profile/addon_data/script.skinshortcuts/skin.phenomenal-thumb-135.png</thumb>
		<action>ActivateWindow(Videos,MovieGenres,return)</action>
	</shortcut>
	<shortcut>
		<defaultID>137</defaultID>
		<label>חיפוש בקיר</label>
		<label2>Movie Hub Shortcut</label2>
		<icon>special://skin/extras/icons/search.png</icon>
		<thumb>special://profile/addon_data/script.skinshortcuts/skin.phenomenal-thumb-137.png</thumb>
		<action>RunScript(script.globalsearch,tvshows=true&amp;episodes=true&amp;movies=true)</action>
	</shortcut>
	<shortcut>
		<defaultID/>
		<label>חיפוש ג'נסיס</label>
		<label2>הרחבת וידאו</label2>
		<icon>DefaultShortcut.png</icon>
		<thumb>special://profile/addon_data/script.skinshortcuts/skin.phenomenal-thumb-חיפוש ג'נסיס.png</thumb>
		<action>ActivateWindow(10025,&quot;plugin://plugin.video.genesis/?action=movieSearch&quot;,return)</action>
	</shortcut>
	<shortcut>
		<defaultID>plugin.video.pulsar/movies/search</defaultID>
		<label>חיפוש פולסר</label>
		<label2>הרחבת וידאו</label2>
		<icon>DefaultShortcut.png</icon>
		<thumb>special://profile/addon_data/script.skinshortcuts/skin.phenomenal-thumb-plugin.video.pulsar-movies-search.png</thumb>
		<action>ActivateWindow(10025,&quot;plugin://plugin.video.pulsar/movies/search&quot;,return)</action>
	</shortcut>
	<shortcut>
		<defaultID/>
		<label>חיפוש Kmedia</label>
		<label2>הרחבת וידאו</label2>
		<icon>DefaultShortcut.png</icon>
		<thumb>special://profile/addon_data/script.skinshortcuts/skin.phenomenal-thumb-חיפוש Kmedia.png</thumb>
		<action>ActivateWindow(10025,&quot;plugin://plugin.video.kmediatorrent/kat/search?sort_field=seeders&amp;sort_order=desc&quot;,return)</action>
	</shortcut>
</shortcuts>