<?xml version="1.0" encoding="utf-8"?><shortcuts>
	<shortcut>
		<defaultID>plugin.video.sdarot.tv</defaultID>
		<label>סדרות TV</label>
		<label2>הרחבת וידאו</label2>
		<icon>DefaultShortcut.png</icon>
		<thumb>special://profile/addon_data/script.skinshortcuts/skin.phenomenal-thumb-plugin.video.sdarot.tv.png</thumb>
		<action>ActivateWindow(10025,&quot;plugin://plugin.video.sdarot.tv&quot;,return)</action>
	</shortcut>
	<shortcut>
		<defaultID>yshrly</defaultID>
		<label>סדרות ישראליות</label>
		<label2>מועדף</label2>
		<icon>special://skin/extras/icons/files.png</icon>
		<thumb>special://profile/addon_data/script.skinshortcuts/skin.phenomenal-thumb-yshrly.png</thumb>
		<action>ActivateWindow(10025,&quot;plugin://plugin.video.sdarot.tv/?mode=2&amp;module=http%3a%2f%2fwww.sdarot.pm%2fseries%2fgenre%2f20%d7%99%d7%a9%d7%a8%d7%90%d7%9c%d7%99&amp;name=%d7%99%d7%a9%d7%a8%d7%90%d7%9c%d7%99&amp;summary&amp;url=all-heb&quot;,return)</action>
	</shortcut>
	<shortcut>
		<defaultID/>
		<label>ערוץ 2 - קשת</label>
		<label2>הרחבת וידאו</label2>
		<icon>DefaultShortcut.png</icon>
		<thumb>special://profile/addon_data/script.skinshortcuts/skin.phenomenal-thumb-ערוץ 2 - קשת.png</thumb>
		<action>ActivateWindow(10025,&quot;plugin://plugin.video.MakoTV/?url=http%3A%2F%2Fwww.mako.co.il%2Fmako-vod-index&amp;mode=0&amp;name=%D7%AA%D7%9B%D7%A0%D7%99%D7%95%D7%AA+MakoTV&amp;iconimage=http://img.mako.co.il/2010/08/11/mako%20vod%20c.jpg&quot;,return)</action>
	</shortcut>
	<shortcut>
		<defaultID/>
		<label>ערוץ 2 - רשת</label>
		<label2>הרחבת וידאו</label2>
		<icon>DefaultShortcut.png</icon>
		<thumb>special://profile/addon_data/script.skinshortcuts/skin.phenomenal-thumb-ערוץ 2 - רשת.png</thumb>
		<action>ActivateWindow(10025,&quot;plugin://plugin.video.reshet.video/?category=14830&quot;,return)</action>
	</shortcut>
	<shortcut>
		<defaultID/>
		<label>תכניות 10</label>
		<label2>הרחבת וידאו</label2>
		<icon>DefaultShortcut.png</icon>
		<thumb>special://profile/addon_data/script.skinshortcuts/skin.phenomenal-thumb-תכניות 10.png</thumb>
		<action>ActivateWindow(10025,&quot;plugin://plugin.video.ilten/?category=1945&quot;,return)</action>
	</shortcut>
	<shortcut>
		<defaultID>plugin.video.IBA</defaultID>
		<label>ערוץ 1</label>
		<label2>הרחבת וידאו</label2>
		<icon>DefaultShortcut.png</icon>
		<thumb>special://profile/addon_data/script.skinshortcuts/skin.phenomenal-thumb-plugin.video.IBA.png</thumb>
		<action>ActivateWindow(10025,&quot;plugin://plugin.video.IBA&quot;,return)</action>
	</shortcut>
	<shortcut>
		<defaultID>plugin.video.wallaNew.video</defaultID>
		<label>וואלה</label>
		<label2>הרחבת וידאו</label2>
		<icon>DefaultShortcut.png</icon>
		<thumb>special://profile/addon_data/script.skinshortcuts/skin.phenomenal-thumb-plugin.video.wallaNew.video.png</thumb>
		<action>ActivateWindow(10025,&quot;plugin://plugin.video.wallaNew.video&quot;,return)</action>
	</shortcut>
	<shortcut>
		<defaultID>plugin.video.wallaNew.video</defaultID>
		<label>וואלה - Yes</label>
		<label2>הרחבת וידאו</label2>
		<icon>DefaultShortcut.png</icon>
		<thumb>special://profile/addon_data/script.skinshortcuts/skin.phenomenal-thumb-plugin.video.wallaNew.video.png</thumb>
		<action>ActivateWindow(10025,&quot;plugin://plugin.video.wallaNew.video&quot;,return)</action>
	</shortcut>
	<shortcut>
		<defaultID>plugin.video.hotVOD.video</defaultID>
		<label>Hot - הוט</label>
		<label2>הרחבת וידאו</label2>
		<icon>DefaultShortcut.png</icon>
		<thumb>special://profile/addon_data/script.skinshortcuts/skin.phenomenal-thumb-plugin.video.hotVOD.video.png</thumb>
		<action>ActivateWindow(10025,&quot;plugin://plugin.video.hotVOD.video&quot;,return)</action>
	</shortcut>
</shortcuts>