<?xml version="1.0" encoding="utf-8"?><shortcuts>
	<shortcut>
		<defaultID/>
		<label>[COLOR=Green]אוסף שירים בעברית[/COLOR]</label>
		<label2>הרחבת וידאו</label2>
		<icon>DefaultShortcut.png</icon>
		<thumb>special://profile/addon_data/script.skinshortcuts/skin.phenomenal-thumb-[COLOR=Green]אוסף שירים בעברית[-COLOR].png</thumb>
		<action>ActivateWindow(10025,&quot;plugin://plugin.video.htpt.kids/?url=%5B%27%26youtube_pl%3DPLFw7KwIWHNB1_mXvYXwqFOw6S026LL3tj%27%2C+%27%26youtube_ch%3DUCfm5IpcgGCooON4Mm2vq40A%2Fplaylists%27%2C+%27%26youtube_ch%3D23music%27%2C+%27%26youtube_pl%3DPLF11AD94724D37E02%27%2C+%27%26wallaNew%3Dgenre%253dkids%2526genreId%253d7450%27%2C+%27%26wallaNew%3Ditem_id%253D2538763%27%2C+%27%26wallaNew%3Ditem_id%253D2538765%27%2C+%27%26wallaNew%3Ditem_id%253D2538766%27%2C+%27%26wallaNew%3Ditem_id%253D2538767%27%2C+%27%26wallaNew%3Ditem_id%253D2538768%27%2C+%27%26youtube_pl%3DPL0495C8F5A2024FA4%27%2C+%27%26wallaNew%3D%27%2C+%27%26wallaNew%3D%27%2C+%27%26wallaNew%3D%27%2C+%27%26wallaNew%3D%27%2C+%27%26wallaNew%3D%27%2C+%27%26wallaNew%3D%27%5D&amp;mode=17&amp;name=%5BCOLOR%3DGreen%5D%D7%90%D7%95%D7%A1%D7%A3+%D7%A9%D7%99%D7%A8%D7%99%D7%9D+%D7%91%D7%A2%D7%91%D7%A8%D7%99%D7%AA%5B%2FCOLOR%5D&amp;iconimage=http%3A%2F%2Fwww.diskids.co.il%2Fimages%2Fstories%2Ffeature%2F1.png&amp;desc=&amp;num=1&amp;viewtype=50&quot;,return)</action>
	</shortcut>
	<shortcut>
		<defaultID/>
		<label>[COLOR=Green]השירים הראשונים שלי[/COLOR]</label>
		<label2>הרחבת וידאו</label2>
		<icon>DefaultShortcut.png</icon>
		<thumb>special://profile/addon_data/script.skinshortcuts/skin.phenomenal-thumb-[COLOR=Green]השירים הראשונים שלי[-COLOR].jpg</thumb>
		<action>ActivateWindow(10025,&quot;plugin://plugin.video.htpt.kids/?url=%5B%27%26youtube_id%3D6LNpGsYpWJw%27%2C+%27%26youtube_id%3DYtuVAZyWoG4%27%2C+%27%26youtube_pl%3DPLpnRNlRK18UaUnOabh_ZysDsOY3QLvjkd%27%2C+%27%26youtube_pl%3DPLdhkcuUltKcfTUBHVy02eKfRIEnmg7fnn%27%5D&amp;mode=17&amp;name=%5BCOLOR%3DGreen%5D%D7%94%D7%A9%D7%99%D7%A8%D7%99%D7%9D+%D7%94%D7%A8%D7%90%D7%A9%D7%95%D7%A0%D7%99%D7%9D+%D7%A9%D7%9C%D7%99%5B%2FCOLOR%5D&amp;iconimage=http%3A%2F%2Fypk.cs4u.co.il%2Fmall_product_images%2Fauction_product%2FZF21388.jpg&amp;desc=&amp;num=1&amp;viewtype=50&quot;,return)</action>
	</shortcut>
	<shortcut>
		<defaultID/>
		<label>[COLOR=Green]שירי פרפר נחמד[/COLOR]</label>
		<label2>הרחבת וידאו</label2>
		<icon>DefaultShortcut.png</icon>
		<thumb>special://profile/addon_data/script.skinshortcuts/skin.phenomenal-thumb-[COLOR=Green]שירי פרפר נחמד[-COLOR].jpg</thumb>
		<action>ActivateWindow(10025,&quot;plugin://plugin.video.htpt.kids/?url=%5B%27%26youtube_pl%3DPL51YAgTlfPj45OPEXI-ibfJy8ON0k1ARh%27%2C+%27%26youtube_pl%3DPLNWPkdPqwKqtbM6--m50SdENigIXvoAqm%27%5D&amp;mode=17&amp;name=%5BCOLOR%3DGreen%5D%D7%A9%D7%99%D7%A8%D7%99+%D7%A4%D7%A8%D7%A4%D7%A8+%D7%A0%D7%97%D7%9E%D7%93%5B%2FCOLOR%5D&amp;iconimage=http%3A%2F%2Fwww.sdarot.wf%2Fmedia%2Fseries%2F1092.jpg&amp;desc=&amp;num=1&amp;viewtype=50&quot;,return)</action>
	</shortcut>
	<shortcut>
		<defaultID/>
		<label>[COLOR=Green]בייבי איינשטיין[/COLOR]</label>
		<label2>הרחבת וידאו</label2>
		<icon>DefaultShortcut.png</icon>
		<thumb>special://profile/addon_data/script.skinshortcuts/skin.phenomenal-thumb-[COLOR=Green]בייבי איינשטיין[-COLOR].jpg</thumb>
		<action>ActivateWindow(10025,&quot;plugin://plugin.video.htpt.kids/?url=%5B%27%26youtube_pl%3DPLvadvyUkv4iFxFnsG0i1mLhuvR5nQBUcf%27%2C+%27%26youtube_pl%3DPLFB481A7458E12A61%27%5D&amp;mode=17&amp;name=%5BCOLOR%3DGreen%5D%D7%91%D7%99%D7%99%D7%91%D7%99+%D7%90%D7%99%D7%99%D7%A0%D7%A9%D7%98%D7%99%D7%99%D7%9F%5B%2FCOLOR%5D&amp;iconimage=http%3A%2F%2Fd202m5krfqbpi5.cloudfront.net%2Fbooks%2F1170326163l%2F46377.jpg&amp;desc=%5BCOLOR%3DYellow%5DWhere+do+babies+get+that+power+to+make+grown+adults+act+like+and+make+total%2C+%28in+the+best+sense+of+the+word%29%2C+fools+of+themselves%3F...Okay.+I%27ll+speak+for+just+myself+then.+With+who+else+can+I+dance%2C+sing%2C+make+faces%2C+play+my+lips+like+a+kazoo%2C+and+speak+in+foreign+tongues%2C+but+never+feel+an+iota+of+embarrassment+cuz+she+just+laughs+and+laughs%21Rosaleen+Dickson+said%2C%5B%2FCOLOR%5D%5BCR%5D%5BCR%5D%E2%9D%A4%22Whatever+they+grow+up+to+be%2C+they+are+still+our+children%2C+and+the+one+most+important+of+all+the+things+we+can+give+to+them+is+unconditional+love.+Not+a+love+that+depends+on+anything+at+all+except+that+they+are+our+children.%22+%E2%9D%A4%7EAs+our+children+are+our+greatest+hope+for+the+future+and+our+most+valuable+resource%2C+and+as+my+favorite+5+year+old+little+girl%2C+Shiloh+%28aka+Miss+Kitty%29%2C+is+also+my+dearest+love+and+inspiration%2C+here+are+a+few+videos+especially+for+them%3B+including+all+26+episodes+of+the+Baby+Einstein+series+and+77+%28of+the+78%29+episodes+of+Kipper+the+Dog.%7E%22&amp;num=1&amp;viewtype=50&quot;,return)</action>
	</shortcut>
	<shortcut>
		<defaultID/>
		<label>[COLOR=Green]לולי[/COLOR]</label>
		<label2>הרחבת וידאו</label2>
		<icon>DefaultShortcut.png</icon>
		<thumb>special://profile/addon_data/script.skinshortcuts/skin.phenomenal-thumb-[COLOR=Green]לולי[-COLOR].jpg</thumb>
		<action>ActivateWindow(10025,&quot;plugin://plugin.video.htpt.kids/?url=%5B%27%26youtube_ch%3DUCcYc90JDakyeXGeZgPL1ejA%2Fplaylists%27%2C+%27%26youtube_pl%3DPLwimDnICcPKNQy5TSz2s5XKWsE6kKV5C1%27%5D&amp;mode=17&amp;name=%5BCOLOR%3DGreen%5D%D7%9C%D7%95%D7%9C%D7%99%5B%2FCOLOR%5D&amp;iconimage=http%3A%2F%2Fyt3.ggpht.com%2F-n8_yk3MKYEk%2FAAAAAAAAAAI%2FAAAAAAAAAAA%2F0lOK__EwCtg%2Fs88-c-k-no%2Fphoto.jpg&amp;desc=%5BCOLOR%3DYellow%5D%D7%A2%D7%A8%D7%95%D7%A5+%D7%9C%D7%95%D7%9C%D7%99+%D7%94%D7%95%D7%90+%D7%A2%D7%A8%D7%95%D7%A5+%D7%98%D7%9C%D7%95%D7%95%D7%99%D7%96%D7%99%D7%94+%D7%9C%D7%92%D7%99%D7%9C+%D7%94%D7%A8%D7%9A+%D7%94%D7%A9%D7%99%D7%99%D7%9A+%D7%9C%D7%A7%D7%91%D7%95%D7%A6%D7%AA+%D7%94%D7%95%D7%A4%21.+%D7%94%D7%A2%D7%A8%D7%95%D7%A5+%D7%9E%D7%A9%D7%95%D7%93%D7%A8+%D7%91%D7%97%D7%91%D7%A8%D7%AA+%D7%94%D7%9B%D7%91%D7%9C%D7%99%D7%9D+%D7%94%D7%95%D7%98+%D7%91%D7%A2%D7%A8%D7%95%D7%A5+76.+%D7%91-2010+%D7%A0%D7%9E%D7%9B%D7%A8+%D7%94%D7%A2%D7%A8%D7%95%D7%A5+%D7%9C%D7%97%D7%91%D7%A8%D7%AA+%D7%94%D7%AA%D7%A7%D7%A9%D7%95%D7%A8%D7%AA+%D7%94%D7%A4%D7%95%D7%9C%D7%A0%D7%99%D7%AA+Orange+%D7%91%D7%A8%D7%A9%D7%AA+IPTV%2C+%D7%95%D7%9E%D7%90%D7%96+%D7%9E%D7%A9%D7%95%D7%93%D7%A8+%D7%91%D7%93%D7%99%D7%91%D7%95%D7%91+%D7%9E%D7%9C%D7%90+%D7%9C%D7%A4%D7%95%D7%9C%D7%A0%D7%99%D7%AA%E2%80%8F.%5B%2FCOLOR%5D%5BCR%5D%5BCR%5D%D7%9C%D7%A2%D7%A8%D7%95%D7%A5+%D7%94%D7%AA%D7%90%D7%9E%D7%94+%D7%A0%D7%99%D7%9B%D7%A8%D7%AA+%D7%9C%D7%92%D7%99%D7%9C+%D7%94%D7%A8%D7%9A+%D7%95%D7%9E%D7%AA%D7%90%D7%99%D7%9D+%D7%90%D7%AA+%D7%A2%D7%A6%D7%9E%D7%95+%D7%99%D7%A9%D7%99%D7%A8%D7%95%D7%AA+%D7%9C%D7%A7%D7%94%D7%9C+%D7%94%D7%99%D7%A2%D7%93+%D7%A9%D7%9C%D7%95.+%D7%9E%D7%90%D7%97%D7%A8+%D7%A9%D7%A7%D7%94%D7%9C+%D7%94%D7%A2%D7%A8%D7%95%D7%A5+%D7%90%D7%99%D7%A0%D7%95+%D7%A7%D7%95%D7%A8%D7%90+%D7%95%D7%92%D7%9D+%D7%91%D7%92%D7%99%D7%9C+%D7%94%D7%A6%D7%A2%D7%99%D7%A8+%D7%91%D7%99%D7%95%D7%AA%D7%A8+%D7%94%D7%AA%D7%95%D7%9B%D7%A0%D7%99%D7%95%D7%AA+%D7%91%D7%A2%D7%A8%D7%95%D7%A5+%D7%9E%D7%9C%D7%95%D7%95%D7%AA+%D7%91%D7%9E%D7%95%D7%96%D7%99%D7%A7%D7%94+%D7%95%D7%9E%D7%A9%D7%95%D7%93%D7%A8%D7%95%D7%AA+%D7%91%D7%A2%D7%91%D7%A8%D7%99%D7%AA+%D7%91%D7%9C%D7%91%D7%93.%5BCR%5D&amp;num=1&amp;viewtype=50&quot;,return)</action>
	</shortcut>
	<shortcut>
		<defaultID/>
		<label>ערוץ הופ!</label>
		<label2>הרחבת וידאו</label2>
		<icon>DefaultShortcut.png</icon>
		<thumb>special://profile/addon_data/script.skinshortcuts/skin.phenomenal-thumb-ערוץ הופ!.png</thumb>
		<action>ActivateWindow(10025,&quot;plugin://plugin.video.htpt.kids/?url=%5B%27%26youtube_ch%3DUClZXqxeY540_Epab3WDHFGw%2Fplaylists%27%2C+%27%26youtube_ch%3DUCfNjGgy-3XfTzgWoGMt_QOw%2Fplaylists%27%5D&amp;mode=6&amp;name=%D7%A2%D7%A8%D7%95%D7%A5+%D7%94%D7%95%D7%A4%21&amp;iconimage=http%3A%2F%2Fyt3.ggpht.com%2F-A6Z6Bj0Y5os%2FAAAAAAAAAAI%2FAAAAAAAAAAA%2Fk-1dO4Dm0m8%2Fs88-c-k-no%2Fphoto.jpg&amp;desc=%5BCOLOR%3DYellow%5D%D7%A2%D7%A8%D7%95%D7%A5+%D7%94%D7%95%D7%A4%21+%D7%94%D7%95%D7%90+%D7%A2%D7%A8%D7%95%D7%A5+%D7%98%D7%9C%D7%95%D7%95%D7%99%D7%96%D7%99%D7%94+%D7%99%D7%A9%D7%A8%D7%90%D7%9C%D7%99%2C+%D7%94%D7%A8%D7%90%D7%A9%D7%95%D7%9F+%D7%9E%D7%A1%D7%95%D7%92%D7%95+%D7%91%D7%A2%D7%95%D7%9C%D7%9D%2C+%D7%94%D7%9E%D7%99%D7%95%D7%A2%D7%93+%D7%9B%D7%95%D7%9C%D7%95+%D7%9C%D7%99%D7%9C%D7%93%D7%99+%D7%98%D7%A8%D7%95%D7%9D+%D7%91%D7%99%D7%AA+%D7%A1%D7%A4%D7%A8+%D7%95%D7%9B%D7%99%D7%AA%D7%95%D7%AA+%D7%90%27+-+%D7%91%27+%28%D7%92%D7%99%D7%9C%D7%90%D7%99+2+-+8%29.+%D7%94%D7%A2%D7%A8%D7%95%D7%A5+%D7%9E%D7%A9%D7%95%D7%93%D7%A8+%D7%91%D7%99%D7%A9%D7%A8%D7%90%D7%9C+%D7%9E%D7%93%D7%99+%D7%99%D7%95%D7%9D+%D7%91%D7%99%D7%9F+%D7%94%D7%A9%D7%A2%D7%95%D7%AA+5%3A00+%D7%91%D7%91%D7%95%D7%A7%D7%A8+%D7%9C-21%3A00+%D7%91%D7%A2%D7%A8%D7%91+%D7%91%D7%9E%D7%A1%D7%92%D7%A8%D7%AA+%D7%97%D7%91%D7%99%D7%9C%D7%95%D7%AA+%D7%94%D7%91%D7%A1%D7%99%D7%A1+%D7%A9%D7%9C+%D7%97%D7%91%D7%A8%D7%AA+%D7%94%D7%9B%D7%91%D7%9C%D7%99%D7%9D+HOT+%28%D7%90%D7%A4%D7%99%D7%A7+77%29+%D7%95%D7%97%D7%91%D7%A8%D7%AA+%D7%94%D7%9C%D7%95%D7%95%D7%99%D7%99%D7%9F+yes+%28%D7%90%D7%A4%D7%99%D7%A7+82%29.%5BCR%5D%D7%97%D7%9C%D7%A7+%D7%9E%D7%AA%D7%9B%D7%A0%D7%99+%D7%94%D7%A2%D7%A8%D7%95%D7%A5+%D7%9E%D7%95%D7%A6%D7%A2%D7%99%D7%9D+%D7%92%D7%9D+%D7%91%D7%A2%D7%A8%D7%95%D7%A5+%D7%94%D7%95%D7%A4%21+%D7%91%D7%99%D7%95%D7%98%D7%99%D7%95%D7%91%2C+%D7%90%D7%AA%D7%A8+%D7%94%D7%90%D7%99%D7%A0%D7%98%D7%A8%D7%A0%D7%98+%D7%A9%D7%9C+%D7%94%D7%95%D7%A4%21%2C+%D7%90%D7%AA%D7%A8+%D7%94%D7%9E%D7%A0%D7%95%D7%99%D7%99%D7%9D+%D7%A9%D7%9C+%D7%94%D7%95%D7%A4%21+%D7%95%D7%9B%D7%9F+%D7%91%D7%90%D7%A4%D7%9C%D7%99%D7%A7%D7%A6%D7%99%D7%95%D7%AA+%D7%9E%D7%95%D7%91%D7%99%D7%99%D7%9C+%D7%A9%D7%9C+%D7%A2%D7%A8%D7%95%D7%A5+%D7%94%D7%95%D7%A4%21.%5BCR%5D%D7%A2%D7%A8%D7%95%D7%A5+%D7%94%D7%95%D7%A4%21+%D7%9E%D7%A7%D7%99%D7%99%D7%9D+%D7%A4%D7%A2%D7%99%D7%9C%D7%95%D7%99%D7%95%D7%AA+%D7%A9%D7%98%D7%97+%D7%9E%D7%92%D7%95%D7%95%D7%A0%D7%95%D7%AA+%D7%91%D7%9E%D7%94%D7%9C%D7%9A+%D7%9B%D7%9C+%D7%99%D7%9E%D7%95%D7%AA+%D7%94%D7%A9%D7%A0%D7%94%2C+%D7%9C%D7%A8%D7%91%D7%95%D7%AA+%D7%9E%D7%95%D7%A4%D7%A2%D7%99+%D7%97%D7%99%D7%A0%D7%9D+%D7%91%D7%A8%D7%97%D7%91%D7%99+%D7%94%D7%90%D7%A8%D7%A5%2C+%D7%94%D7%A6%D7%92%D7%95%D7%AA+%D7%95%D7%9B%D7%9F%2C+%D7%A4%D7%A2%D7%99%D7%9C%D7%95%D7%99%D7%95%D7%AA+%D7%A9%D7%98%D7%97+%D7%90%D7%99%D7%A0%D7%98%D7%A8%D7%90%D7%A7%D7%98%D7%99%D7%91%D7%99%D7%95%D7%AA+%D7%A9%D7%95%D7%A0%D7%95%D7%AA.%5B%2FCOLOR%5D%5BCR%5D%5BCR%5D%D7%A6%D7%91%D7%99%D7%95%D7%9F+%D7%94%D7%A2%D7%A8%D7%95%D7%A5%3A%5BCR%5D%D7%A2%D7%A8%D7%95%D7%A5+%D7%94%D7%95%D7%A4%21+%D7%A9%D7%9D+%D7%9C%D7%95+%D7%9C%D7%9E%D7%98%D7%A8%D7%94+%D7%9C%D7%A9%D7%93%D7%A8+%D7%AA%D7%9B%D7%A0%D7%99%D7%9D+%D7%90%D7%99%D7%9B%D7%95%D7%AA%D7%99%D7%99%D7%9D%2C+%D7%9E%D7%A2%D7%A9%D7%99%D7%A8%D7%99%D7%9D+%D7%95%D7%A0%D7%98%D7%95%D7%9C%D7%99+%D7%90%D7%9C%D7%99%D7%9E%D7%95%D7%AA+%D7%94%D7%9E%D7%95%D7%AA%D7%90%D7%9E%D7%99%D7%9D%2C+%D7%A7%D7%95%D7%92%D7%A0%D7%99%D7%98%D7%99%D7%91%D7%99%D7%AA+%D7%95%D7%A8%D7%92%D7%A9%D7%99%D7%AA%2C+%D7%9C%D7%A7%D7%94%D7%9C+%D7%94%D7%A6%D7%95%D7%A4%D7%99%D7%9D+%D7%94%D7%A6%D7%A2%D7%99%D7%A8.+%D7%9B%D7%9C+%D7%AA%D7%9B%D7%A0%D7%99+%D7%94%D7%A4%D7%A7%D7%95%D7%AA+%D7%94%D7%9E%D7%A7%D7%95%D7%A8+%D7%94%D7%9E%D7%95%D7%A4%D7%A7%D7%95%D7%AA+%D7%A2%D7%9C+%D7%99%D7%93%D7%99+%D7%94%D7%A2%D7%A8%D7%95%D7%A5+%D7%9E%D7%A4%D7%95%D7%AA%D7%97%D7%99%D7%9D+%D7%95%D7%9E%D7%95%D7%A4%D7%A7%D7%99%D7%9D+%D7%91%D7%9C%D7%99%D7%95%D7%95%D7%99+%D7%A6%D7%9E%D7%95%D7%93+%D7%A9%D7%9C+%D7%90%D7%A0%D7%A9%D7%99+%D7%9E%D7%A7%D7%A6%D7%95%D7%A2+%D7%91%D7%AA%D7%97%D7%95%D7%9D+%D7%94%D7%AA%D7%A4%D7%AA%D7%97%D7%95%D7%AA+%D7%94%D7%99%D7%9C%D7%93+%D7%95%D7%94%D7%9D+%D7%9E%D7%95%D7%AA%D7%90%D7%9E%D7%99%D7%9D+%D7%9C%D7%A1%D7%93%D7%A8+%D7%94%D7%99%D7%95%D7%9D+%D7%94%D7%9E%D7%A9%D7%A4%D7%97%D7%AA%D7%99%2C+%D7%94%D7%97%D7%9C+%D7%9E%D7%A9%D7%A2%D7%95%D7%AA+%D7%94%D7%91%D7%95%D7%A7%D7%A8+%D7%94%D7%9E%D7%95%D7%A7%D7%93%D7%9E%D7%95%D7%AA+%D7%95%D7%A2%D7%93+%D7%A9%D7%A2%D7%AA+%D7%94%D7%A9%D7%99%D7%A0%D7%94.+%5BCR%5D%D7%94%D7%95%D7%A4%21+%D7%A9%D7%9D+%D7%93%D7%92%D7%A9+%D7%9E%D7%99%D7%95%D7%97%D7%93+%D7%A2%D7%9C+%D7%AA%D7%9B%D7%A0%D7%99%D7%9D+%D7%91%D7%A2%D7%9C%D7%99+%D7%A6%D7%91%D7%99%D7%95%D7%9F+%D7%99%D7%A9%D7%A8%D7%90%D7%9C%D7%99%2C+%D7%9B%D7%92%D7%95%D7%9F%3A+%D7%A2%D7%99%D7%93%D7%95%D7%93+%D7%A7%D7%A8%D7%99%D7%90%D7%94%2C+%D7%94%D7%99%D7%9B%D7%A8%D7%95%D7%AA+%D7%A2%D7%9D+%D7%90%D7%95%D7%AA%D7%99%D7%95%D7%AA+%D7%90%27+-+%D7%91%27%2C+%D7%99%D7%A1%D7%95%D7%93%D7%95%D7%AA+%D7%97%D7%A9%D7%91%D7%95%D7%9F%2C+%D7%98%D7%91%D7%A2+%D7%99%D7%A9%D7%A8%D7%90%D7%9C%D7%99%2C+%D7%A9%D7%91%D7%AA%2C+%D7%97%D7%92%D7%99%D7%9D+%D7%95%D7%9E%D7%95%D7%A2%D7%93%D7%99%D7%9D%2C+%D7%A2%D7%95%D7%A0%D7%95%D7%AA+%D7%94%D7%A9%D7%A0%D7%94++%D7%95%D7%9B%D7%99%D7%95%D7%A6%D7%90+%D7%91%D7%96%D7%94.+%D7%91%D7%A2%D7%A8%D7%95%D7%A5+%D7%90%D7%99%D7%9F+%D7%A4%D7%A8%D7%A1%D7%95%D7%9E%D7%95%D7%AA+%D7%90%D7%95+%D7%AA%D7%95%D7%9B%D7%9F+%D7%A9%D7%99%D7%95%D7%95%D7%A7%D7%99.%5BCR%5D%D7%AA%D7%9B%D7%A0%D7%99+%D7%A2%D7%A8%D7%95%D7%A5+%D7%94%D7%95%D7%A4%3A%5BCR%5D%D7%9E%D7%99%D7%95%D7%9D+%D7%94%D7%A7%D7%9E%D7%AA%D7%95+%D7%9E%D7%A9%D7%93%D7%A8+%D7%94%D7%A2%D7%A8%D7%95%D7%A5+%D7%AA%D7%9E%D7%94%D7%99%D7%9C+%D7%A9%D7%9C+%D7%AA%D7%9B%D7%A0%D7%99%D7%9D+%D7%90%D7%99%D7%9B%D7%95%D7%AA%D7%99%D7%99%D7%9D%2C+%D7%94%D7%9F+%D7%9E%D7%A8%D7%97%D7%91%D7%99+%D7%94%D7%A2%D7%95%D7%9C%D7%9D+%D7%94%D7%9E%D7%93%D7%95%D7%91%D7%91%D7%99%D7%9D+%D7%9C%D7%A2%D7%91%D7%A8%D7%99%D7%AA%2C+%D7%95%D7%94%D7%9F+%D7%AA%D7%9B%D7%A0%D7%99+%D7%9E%D7%A7%D7%95%D7%A8+%D7%94%D7%9E%D7%95%D7%A4%D7%A7%D7%99%D7%9D+%D7%91%D7%9E%D7%99%D7%95%D7%97%D7%93+%D7%9C%D7%A6%D7%95%D7%A8%D7%9B%D7%99+%D7%94%D7%A2%D7%A8%D7%95%D7%A5+%D7%95%D7%9E%D7%94%D7%95%D7%95%D7%99%D7%9D+%D7%9B-30%25+%D7%9E%D7%9C%D7%95%D7%97+%D7%94%D7%9E%D7%A9%D7%93%D7%A8%D7%99%D7%9D.+%D7%A8%D7%91%D7%95%D7%AA+%D7%9E%D7%AA%D7%95%D7%9B%D7%A0%D7%99%D7%95%D7%AA+%D7%94%D7%9E%D7%A7%D7%95%D7%A8+%D7%A9%D7%9C+%D7%94%D7%95%D7%A4%21+%D7%94%D7%A4%D7%9B%D7%95+%D7%96%D7%94+%D7%9E%D7%9B%D7%91%D7%A8+%D7%9C%D7%A7%D7%9C%D7%90%D7%A1%D7%99%D7%A7%D7%94%2C+%D7%91%D7%94%D7%9F%3A+%D7%93%D7%A4%D7%A0%D7%94+%D7%95%D7%93%D7%95%D7%93%D7%99%D7%93%D7%95%2C+%D7%94%D7%A7%D7%95%D7%A0%D7%A6%D7%95%D7%A0%D7%99%D7%9D%2C+%D7%90%D7%9C%D7%99%D7%A7+%D7%95%D7%91%D7%9C%D7%99%D7%A7%2C+%D7%98%D7%95%D7%91%D7%99+%D7%93%D7%95%D7%91%D7%99%2C+%D7%A4%D7%A8%D7%A4%D7%A8%D7%99%D7%9D+%D7%A9%D7%9C+%D7%A9%D7%91%D7%AA%2C+%D7%99%D7%95%D7%91%D7%9C+%D7%94%D7%9E%D7%91%D7%95%D7%9C%D7%91%D7%9C%2C+%D7%9B%D7%97+%D7%94%D7%A7%D7%A6%D7%91%2C+%D7%9E%D7%9E%D7%9C%D7%9B%D7%AA+%D7%98%D7%95%D7%91%D7%99%D7%94%D7%95%2C+%D7%A1%D7%95%D7%93+%D7%94%D7%A7%D7%A6%D7%91+%D7%A9%D7%9C+%D7%9E%D7%99%D7%9B%D7%9C%2C+%D7%9E%D7%95%D7%9C%D7%99+%D7%95%D7%A6%D7%95%D7%9E%D7%99+%D7%95%D7%A2%D7%95%D7%93+%D7%A8%D7%91%D7%99%D7%9D.%D7%91%D7%99%D7%9F+%D7%94%D7%AA%D7%95%D7%9B%D7%A0%D7%99%D7%95%D7%AA+%D7%94%D7%91%D7%99%D7%A0%D7%9C%D7%90%D7%95%D7%9E%D7%99%D7%95%D7%AA+%D7%A9%D7%A9%D7%95%D7%93%D7%A8%D7%95+%D7%91%D7%A2%D7%91%D7%A8+%D7%90%D7%95+%D7%9E%D7%A9%D7%95%D7%93%D7%A8%D7%95%D7%AA+%D7%9B%D7%99%D7%95%D7%9D+%D7%91%D7%94%D7%95%D7%A4%21+%D7%A0%D7%99%D7%AA%D7%9F+%D7%9C%D7%9E%D7%A6%D7%95%D7%90+%D7%9C%D7%93%D7%95%D7%92%D7%9E%D7%94%3A+%D7%91%D7%95%D7%91+%D7%94%D7%91%D7%A0%D7%90%D7%99+%28Bob+the+Builder%29%2C+%D7%A1%D7%9E%D7%99+%D7%94%D7%9B%D7%91%D7%90%D7%99+%28Fireman+Sam%29%2C+%D7%A0%D7%95%D7%95%D7%94+%D7%A2%D7%A6%D7%9C%D7%A0%D7%95%D7%AA+%28Lazy+Town%29%2C+%D7%93%D7%95%D7%A8%D7%94%2C+%D7%AA%D7%95%D7%AA%D7%99%D7%AA+%28Strawberry+Shortcake%29%2C+%D7%9E%D7%95%D7%A2%D7%93%D7%95%D7%9F+%D7%94%D7%97%D7%91%D7%A8%D7%99%D7%9D+%D7%A9%D7%9C+%D7%9E%D7%99%D7%A7%D7%99+%D7%9E%D7%90%D7%95%D7%A1+%28Mickey+mouse+clubhouse%29%2C+%D7%94%D7%A8%D7%A4%D7%AA%D7%A7%D7%90%D7%95%D7%AA+%D7%94%D7%9C%D7%95+%D7%A7%D7%99%D7%98%D7%99+%28Hello+Kitty%29%2C+%D7%94%D7%93%D7%91%D7%95%D7%A8%D7%94+%D7%9E%D7%90%D7%99%D7%94+%28Maya+the+bee%29%2C+%D7%94%D7%A4%D7%99%D7%94+%D7%9C%D7%99%D7%9C%D7%99+%28Princess+lillifee%29%2C+%D7%94%D7%97%D7%99%D7%95%D7%9A+%D7%A9%D7%9C+%D7%A8%D7%95%D7%96%D7%99+%28Everything%60s+Rosie%29+%D7%95%D7%A8%D7%91%D7%95%D7%AA+%D7%A0%D7%95%D7%A1%D7%A4%D7%95%D7%AA.%D7%A7%D7%91%D7%95%D7%A6%D7%AA+%D7%94%D7%95%D7%A4%21+%D7%94%D7%99%D7%90+%D7%A0%D7%A6%D7%99%D7%92%D7%94+%D7%95%D7%A9%D7%95%D7%AA%D7%A4%D7%94+%D7%91%D7%99%D7%A9%D7%A8%D7%90%D7%9C+%D7%A9%D7%9C+%D7%A2%D7%9E%D7%95%D7%AA%D7%AA+%22%D7%A1%D7%95%D7%9E%D7%A1%D7%95%D7%9D%22+%28Sesame+workshop%29+%D7%94%D7%90%D7%9E%D7%A8%D7%99%D7%A7%D7%90%D7%99%D7%AA%2C+%D7%99%D7%95%D7%A6%D7%A8%D7%AA+%D7%95%D7%9E%D7%A4%D7%99%D7%A7%D7%AA+%D7%94%D7%A1%D7%93%D7%A8%D7%94+%22%D7%A8%D7%97%D7%95%D7%91+%D7%A1%D7%95%D7%9E%D7%A1%D7%95%D7%9D%22+%D7%91%D7%A8%D7%97%D7%91%D7%99+%D7%94%D7%A2%D7%95%D7%9C%D7%9D.+%D7%91%D7%9E%D7%A1%D7%92%D7%A8%D7%AA+%D7%A9%D7%99%D7%AA%D7%95%D7%A3+%D7%A4%D7%A2%D7%95%D7%9C%D7%94+%D7%96%D7%94%2C+%D7%9E%D7%A4%D7%99%D7%A7+%D7%A2%D7%A8%D7%95%D7%A5+%D7%94%D7%95%D7%A4%21+%D7%90%D7%AA+%D7%94%D7%92%D7%A8%D7%A1%D7%94+%D7%94%D7%99%D7%A9%D7%A8%D7%90%D7%9C%D7%99%D7%AA+%D7%94%D7%9E%D7%A7%D7%95%D7%A8%D7%99%D7%AA+%D7%A9%D7%9C+%22%D7%A8%D7%97%D7%95%D7%91+%D7%A1%D7%95%D7%9E%D7%A1%D7%95%D7%9D%22+%D7%95%D7%9E%D7%A9%D7%93%D7%A8+%D7%90%D7%95%D7%AA%D7%94+%D7%91%D7%A2%D7%A8%D7%95%D7%A5.+%D7%A2%D7%93+2014+%D7%94%D7%95%D7%A4%D7%A7%D7%95+%D7%91%D7%99%D7%A9%D7%A8%D7%90%D7%9C+%D7%A2%D7%9C+%D7%99%D7%93%D7%99+%D7%94%D7%95%D7%A4%21+6+%D7%A2%D7%95%D7%A0%D7%95%D7%AA+%D7%A9%D7%9C+%D7%94%D7%A1%D7%93%D7%A8%D7%94.&amp;num=1&amp;viewtype=50&quot;,return)</action>
	</shortcut>
	<shortcut>
		<defaultID/>
		<label>יובל המבולבל</label>
		<label2>הרחבת וידאו</label2>
		<icon>DefaultShortcut.png</icon>
		<thumb>special://profile/addon_data/script.skinshortcuts/skin.phenomenal-thumb-יובל המבולבל.jpg</thumb>
		<action>ActivateWindow(10025,&quot;plugin://plugin.video.htpt.kids/?url=%5B%27%26youtube_ch%3DUC0r3m54hCOvyG47jzz08X2Q%27%2C+%27%26youtube_pl%3DPL0495C8F5A2024FA4%27%5D&amp;mode=6&amp;name=%D7%99%D7%95%D7%91%D7%9C+%D7%94%D7%9E%D7%91%D7%95%D7%9C%D7%91%D7%9C&amp;iconimage=http%3A%2F%2Fyt3.ggpht.com%2F-FHcf2Rxu08A%2FAAAAAAAAAAI%2FAAAAAAAAAAA%2FdxzE2ng3uXI%2Fs88-c-k-no%2Fphoto.jpg&amp;desc=%5BCOLOR%3DYellow%5D%D7%99%D7%95%D7%91%D7%9C+%D7%94%D7%9E%D7%91%D7%95%D7%9C%D7%91%D7%9C+%D7%94%D7%99%D7%90+%D7%A1%D7%93%D7%A8%D7%AA+%D7%98%D7%9C%D7%95%D7%95%D7%99%D7%96%D7%99%D7%94+%D7%99%D7%A9%D7%A8%D7%90%D7%9C%D7%99%D7%AA+%D7%94%D7%9E%D7%A9%D7%95%D7%93%D7%A8%D7%AA+%D7%91%D7%A2%D7%A8%D7%95%D7%A5+%D7%94%D7%95%D7%A4%21.+%D7%9C%D7%90%D7%95%D7%A8+%D7%94%D7%94%D7%A6%D7%9C%D7%97%D7%94+%D7%94%D7%A8%D7%91%D7%94+%D7%A9%D7%9C+%D7%94%D7%AA%D7%95%D7%9B%D7%A0%D7%99%D7%AA%2C+%D7%94%D7%95%D7%97%D7%9C%D7%98+%D7%9C%D7%94%D7%A8%D7%97%D7%99%D7%91+%D7%90%D7%AA+%D7%94%D7%A4%D7%95%D7%A8%D7%9E%D7%98+%D7%94%D7%A7%D7%99%D7%99%D7%9D+%D7%A9%D7%9C%D7%94.+%D7%91%D7%A1%D7%93%D7%A8%D7%94+%D7%96%D7%95+%D7%9C%D7%90%D7%97%D7%A8+%D7%A9%D7%99%D7%95%D7%91%D7%9C+%D7%94%D7%9E%D7%91%D7%95%D7%9C%D7%91%D7%9C+%D7%A7%D7%99%D7%91%D7%9C+%D7%90%D7%AA+%D7%94%D7%97%D7%95%D7%9C%D7%A6%D7%94+%D7%A2%D7%9D+%D7%94%D7%9B%D7%95%D7%9B%D7%91+%D7%94%D7%95%D7%90+%D7%9E%D7%92%D7%99%D7%A2+%D7%9C%D7%A2%D7%A8%D7%95%D7%A5+%D7%94%D7%95%D7%A4+%D7%A2%D7%9D+%D7%97%D7%91%D7%A8+%D7%97%D7%93%D7%A9+%D7%91%D7%A9%D7%9D+%D7%A6%D7%99%27%D7%A4+%D7%95%D7%9B%D7%9C+%D7%94%D7%96%D7%9E%D7%9F+%D7%94%D7%95%D7%90+%D7%9E%D7%AA%D7%91%D7%9C%D7%91%D7%9C.%5B%2FCOLOR%5D%5BCR%5D%5BCR%5D%D7%94%D7%A2%D7%9C%D7%99%D7%9C%D7%94%3A%5BCR%5D%D7%94%D7%A2%D7%9C%D7%99%D7%9C%D7%94+%D7%A2%D7%95%D7%A1%D7%A7%D7%AA+%D7%91%D7%A9%D7%9B%D7%95%D7%A0%D7%94+%D7%A9%D7%9C+%D7%94%D7%95%D7%A4%21+%D7%91%D7%94+%D7%99%D7%95%D7%91%D7%9C+%D7%94%D7%9E%D7%91%D7%95%D7%9C%D7%91%D7%9C+%D7%97%D7%95%D7%96%D7%A8+%D7%9C%D7%A4%D7%94+%D7%A2%D7%9D+%D7%97%D7%91%D7%A8+%D7%97%D7%93%D7%A9+%D7%91%D7%A9%D7%9D+%D7%A6%27%D7%99%D7%A4%2C+%D7%91%D7%9B%D7%9C+%D7%A4%D7%A8%D7%A7+%D7%94%D7%95%D7%90+%D7%9E%D7%AA%D7%91%D7%9C%D7%91%D7%9C+%D7%95%D7%A2%D7%95%D7%A9%D7%94+%D7%98%D7%A2%D7%95%D7%99%D7%95%D7%AA+%D7%90%D7%91%D7%9C+%D7%99%D7%97%D7%93+%D7%A2%D7%9D+%D7%A6%27%D7%99%D7%A4+%D7%94%D7%95%D7%90+%D7%9C%D7%95%D7%9E%D7%93+%D7%9C%D7%A7%D7%97+%D7%9E%D7%9E%D7%A2%D7%A9%D7%99%D7%95%2C+%D7%91%D7%A2%D7%95%D7%A0%D7%94+%D7%94%D7%A9%D7%A0%D7%99%D7%99%D7%94+%D7%A6%27%D7%99%D7%A4+%D7%95%D7%99%D7%95%D7%91%D7%9C+%D7%A9%D7%95%D7%91+%D7%9E%D7%AA%D7%A0%D7%94%D7%92%D7%99%D7%9D+%D7%90%D7%95%D7%AA%D7%95+%D7%93%D7%91%D7%A8+%D7%9B%D7%9E%D7%95+%D7%91%D7%A2%D7%95%D7%A0%D7%94+%D7%94%D7%A7%D7%95%D7%93%D7%9E%D7%AA%2C+%D7%91%D7%A2%D7%95%D7%A0%D7%94+%D7%94%D7%A9%D7%9C%D7%99%D7%A9%D7%99%D7%AA+%D7%94%D7%95%D7%97%D7%9C%D7%98+%D7%9C%D7%A9%D7%A0%D7%95%D7%AA+%D7%90%D7%AA+%D7%94%D7%A1%D7%93%D7%A8%D7%94+%D7%95%D7%9C%D7%94%D7%91%D7%99%D7%90+%D7%93%D7%9E%D7%95%D7%99%D7%95%D7%AA+%D7%97%D7%93%D7%A9%D7%95%D7%AA+%D7%9C%D7%99%D7%95%D7%91%D7%9C+%D7%90%D7%9C%D7%90+%D7%A9%D7%A6%27%D7%99%D7%A4+%D7%9E%D7%95%D7%A4%D7%99%D7%A2+%D7%91%D7%A2%D7%95%D7%A0%D7%94+%D7%96%D7%95+%D7%A8%D7%A7+%D7%91%D7%A4%D7%A8%D7%A7+%D7%99%D7%97%D7%99%D7%93+%D7%95%D7%94%D7%A7%D7%95%D7%9C+%D7%A9%D7%9C%D7%95+%D7%94%D7%A9%D7%AA%D7%A0%D7%94%2C+%D7%9B%D7%A9%D7%99%D7%95%D7%91%D7%9C+%D7%99%D7%95%D7%A6%D7%90+%D7%90%D7%9C+%D7%94%D7%97%D7%A6%D7%A8+%D7%94%D7%95%D7%90+%D7%A4%D7%95%D7%92%D7%A9+%D7%90%D7%AA+%D7%94%D7%99%D7%9C%D7%93%D7%99%D7%9D+%D7%95%D7%A9%D7%A8+%D7%90%D7%99%D7%AA%D7%9D+%D7%91%D7%9B%D7%9C+%D7%A4%D7%A8%D7%A7+%D7%A9%D7%99%D7%A8+%D7%90%D7%97%D7%93+%D7%9E%D7%AA%D7%95%D7%9A+%D7%A7%D7%9C%D7%98%D7%95%D7%AA+%D7%94%D7%99%D7%9C%D7%93%D7%99%D7%9D+%D7%A9%D7%9C%D7%95.%5BCR%5D%D7%94%D7%93%D7%9E%D7%95%D7%99%D7%95%D7%AA%3A%5BCR%5D%5B%D7%A2%D7%A8%D7%99%D7%9B%D7%AA+%D7%A7%D7%95%D7%93+%D7%9E%D7%A7%D7%95%D7%A8+%7C+%D7%A2%D7%A8%D7%99%D7%9B%D7%94%5D%5BCR%5D%D7%99%D7%95%D7%91%D7%9C+%D7%94%D7%9E%D7%91%D7%95%D7%9C%D7%91%D7%9C+%28%D7%99%D7%95%D7%91%D7%9C+%D7%A9%D7%9D+%D7%98%D7%95%D7%91%29+%3A+%D7%99%D7%9C%D7%93+%D7%9E%D7%91%D7%95%D7%9C%D7%91%D7%9C+%D7%A9%D7%90%D7%99%D7%9E%D7%95+%D7%95%D7%90%D7%91%D7%99%D7%95+%D7%90%D7%9E%D7%A8%D7%99%D7%A7%D7%90%D7%99%D7%9D%2C+%D7%A7%D7%95%D7%A8%D7%90%D7%99%D7%9D+%D7%9C%D7%95+%D7%9B%D7%9A+%D7%91%D7%92%D7%9C%D7%9C+%D7%A9%D7%94%D7%95%D7%90+%D7%9E%D7%A9%D7%A7%D7%A8+%D7%9E%D7%AA%D7%91%D7%9C%D7%91%D7%9C+%D7%95%D7%A2%D7%95%D7%A9%D7%94+%D7%98%D7%A2%D7%95%D7%99%D7%95%D7%AA+%D7%95%D7%91%D7%93%D7%99%D7%97%D7%95%D7%AA+%D7%9B%D7%9C+%D7%94%D7%96%D7%9E%D7%9F%2C+%D7%94%D7%95%D7%90+%D7%90%D7%95%D7%9E%D7%A8+%D7%9B%D7%9C+%D7%9E%D7%99%D7%A0%D7%99+%D7%9E%D7%A9%D7%A4%D7%98%D7%99%D7%9D+%D7%9B%D7%9E%D7%95+%22%D7%90%D7%95%D7%95%D7%95%22+%22%D7%A9%D7%A7%D7%A9%D7%95%D7%A7%D7%94%22+%22%D7%A7%D7%95%D7%A4%D7%A1%D7%94+%D7%9E%D7%93%D7%91%D7%95%D7%97%D7%94%22+%D7%95%D7%9C%D7%A4%D7%A2%D7%9E%D7%99%D7%9D+%D7%94%D7%95%D7%90+%D7%A0%D7%A2%D7%A9%D7%94+%D7%99%D7%95%D7%AA%D7%A8+%D7%A8%D7%A6%D7%99%D7%A0%D7%99+%D7%95%D7%94%D7%95%D7%90+%D7%9B%D7%91%D7%A8+%D7%A9%D7%95%D7%9B%D7%97+%D7%90%D7%AA+%D7%94%D7%91%D7%9C%D7%91%D7%95%D7%9C%D7%99%D7%9D+%D7%A9%D7%9C%D7%95.%5BCR%5D%D7%A6%27%D7%99%D7%A4+%28%D7%96%27%D7%99%D7%9C+%D7%91%D7%9F+%D7%93%D7%95%D7%93+%5B%D7%A2%D7%95%D7%A0%D7%95%D7%AA+1%D7%952%5D+%2C%D7%99%D7%95%D7%A1%D7%A3+%D7%A1%D7%95%D7%95%D7%99%D7%93+%5B%D7%A2%D7%95%D7%A0%D7%94+3%5D%29+%3A+%D7%A9%D7%99%D7%9E%D7%A4%D7%A0%D7%96%D7%94+%D7%91%D7%A6%D7%91%D7%A2+%D7%9B%D7%97%D7%95%D7%9C+%D7%95%D7%97%D7%91%D7%A8%D7%95+%D7%A9%D7%9C+%D7%99%D7%95%D7%91%D7%9C%2C+%D7%9C%D7%A2%D7%AA%D7%99%D7%9D+%D7%94%D7%95%D7%90+%D7%99%D7%95%D7%AA%D7%A8+%D7%A8%D7%A6%D7%99%D7%A0%D7%99+%D7%95%D7%9C%D7%90+%D7%9E%D7%A1%D7%9B%D7%99%D7%9D+%D7%9C%D7%94%D7%AA%D7%91%D7%9C%D7%91%D7%9C+%D7%A2%D7%9D+%D7%99%D7%95%D7%91%D7%9C%2C+%D7%90%D7%91%D7%9C+%D7%91%D7%9B%D7%9E%D7%94+%D7%A4%D7%A8%D7%A7%D7%99%D7%9D+%D7%90%D7%97%D7%A8%D7%99%D7%9D+%D7%94%D7%95%D7%90+%D7%9B%D7%91%D7%A8+%D7%90%D7%95%D7%94%D7%91+%D7%90%D7%AA+%D7%94%D7%91%D7%9C%D7%91%D7%95%D7%9C%D7%99%D7%9D+%D7%A9%D7%9C+%D7%99%D7%95%D7%91%D7%9C.%5BCR%5D%D7%AA%D7%99%D7%91%D7%AA+%D7%94%D7%93%D7%95%D7%90%D7%A8+%3A+%D7%AA%D7%99%D7%91%D7%AA+%D7%93%D7%95%D7%90%D7%A8+%D7%90%D7%93%D7%95%D7%9E%D7%94+%D7%A9%D7%9E%D7%95%D7%A4%D7%99%D7%A2%D7%94+%D7%91%D7%9B%D7%9C+%D7%A1%D7%95%D7%A3+%D7%A4%D7%A8%D7%A7+%28%D7%95%D7%9C%D7%A4%D7%A2%D7%9E%D7%99%D7%9D+%D7%91%D7%9B%D7%9E%D7%94+%D7%A4%D7%A8%D7%A7%D7%99%D7%9D+%D7%91%D7%A1%D7%93%D7%A8%D7%94%29+%D7%95%D7%90%D7%95%D7%9E%D7%A8%D7%AA+%D7%9C%D7%99%D7%95%D7%91%D7%9C+%D7%90%D7%AA+%D7%94%D7%9E%D7%A9%D7%A4%D7%98+%22%D7%99%D7%A9+%D7%9C%D7%9A+%D7%9E%D7%9B%D7%AA%D7%91+%D7%A4%D7%AA%D7%97+%D7%90%D7%95%D7%AA%D7%95+%D7%A2%D7%9B%D7%A9%D7%99%D7%95%22+%D7%9B%D7%A9%D7%99%D7%A9+%D7%9E%D7%9B%D7%AA%D7%91+%D7%9E%D7%90%D7%99%D7%96%D7%94+%D7%99%D7%9C%D7%93%2C+%D7%94%D7%99%D7%90+%D7%94%D7%A9%D7%AA%D7%A0%D7%AA%D7%94+%D7%9C%D7%AA%D7%99%D7%91%D7%AA+%D7%93%D7%95%D7%90%D7%A8+%D7%90%D7%97%D7%A8%D7%AA+%D7%91%22%D7%9E%D7%95%D7%A2%D7%93%D7%95%D7%9F%5BCR%5D%D7%A7%D7%A4%D7%98%D7%9F+%D7%94%D7%95%D7%A7+%28%D7%A9%D7%90%D7%95%D7%9C+%D7%A2%D7%96%D7%A8%29+%3A+%D7%A7%D7%A4%D7%98%D7%9F+%D7%A4%D7%99%D7%A8%D7%98%D7%99%D7%9D+%D7%95%D7%97%D7%91%D7%A8%D7%95+%D7%A9%D7%9C+%D7%99%D7%95%D7%91%D7%9C%2C+%D7%91%D7%A1%D7%95%D7%A3+%D7%90%D7%97%D7%93+%D7%94%D7%A4%D7%A8%D7%A7%D7%99%D7%9D+%D7%94%D7%95%D7%90+%D7%9E%D7%A6%D7%90+%D7%A2%D7%9D+%D7%99%D7%95%D7%91%D7%9C+%D7%AA%D7%99%D7%91%D7%94+%D7%9E%D7%9C%D7%90%D7%94+%D7%91%D7%A6%D7%93%D7%A4%D7%95%D7%AA.%5BCR%5D%D7%A1%D7%91%D7%AA%D7%90+%28%D7%92%D7%90%D7%95%D7%9C%D7%94+%D7%A0%D7%95%D7%A0%D7%99%29++%3A+%D7%A1%D7%91%D7%AA%D7%95+%D7%A9%D7%9C+%D7%99%D7%95%D7%91%D7%9C%2C+%D7%91%D7%90%D7%97%D7%93+%D7%94%D7%A4%D7%A8%D7%A7%D7%99%D7%9D+%D7%94%D7%99%D7%90+%D7%90%D7%95%D7%9E%D7%A8%D7%AA+%D7%9C%D7%99%D7%95%D7%91%D7%9C+%D7%A9%D7%94%D7%99%D7%90+%D7%9C%D7%90+%D7%A4%D7%95%D7%97%D7%93%D7%AA+%D7%9E%D7%94%D7%97%D7%95%D7%A9%D7%9A.%5BCR%5D%D7%A2%D7%93%D7%99+%28%D7%99%D7%95%D7%91%D7%9C+%D7%95%D7%95%D7%99%D7%9F%29+%3A+%D7%99%D7%9C%D7%93%D7%94+%D7%95%D7%97%D7%91%D7%A8%D7%AA%D7%95+%D7%A9%D7%9C+%D7%99%D7%95%D7%91%D7%9C%2C+%D7%91%D7%90%D7%97%D7%93+%D7%94%D7%A4%D7%A8%D7%A7%D7%99%D7%9D+%D7%94%D7%99%D7%90+%D7%94%D7%9E%D7%A6%D7%99%D7%90%D7%94+%D7%9E%D7%9B%D7%95%D7%A0%D7%94.&amp;num=1&amp;viewtype=&quot;,return)</action>
	</shortcut>
	<shortcut>
		<defaultID/>
		<label>[COLOR=Green]מאשה והדוב[/COLOR]</label>
		<label2>הרחבת וידאו</label2>
		<icon>DefaultShortcut.png</icon>
		<thumb>special://profile/addon_data/script.skinshortcuts/skin.phenomenal-thumb-[COLOR=Green]מאשה והדוב[-COLOR].jpg?1368008744</thumb>
		<action>ActivateWindow(10025,&quot;plugin://plugin.video.htpt.kids/?url=%5B%27%26youtube_pl%3DPL4-zn_348odBKcfUeZznqhkc_-UYtWnep%27%2C+%27%26youtube_pl%3DPLdAdTJgxziWAXNLIR5oeHbUT8HDnXOjAt%27%2C+%27%26youtube_pl%3DPLXnIohISHNIvsnUNe8RwvhksUSFzdQsiT%27%5D&amp;mode=17&amp;name=%5BCOLOR%3DGreen%5D%D7%9E%D7%90%D7%A9%D7%94+%D7%95%D7%94%D7%93%D7%95%D7%91%5B%2FCOLOR%5D&amp;iconimage=http%3A%2F%2Fassets3.mi-web.org%2Ffoto_miniaturas%2F0012%2F5812%2FMasha_Oso028_mediano.jpg%3F1368008744&amp;desc=&amp;num=1&amp;viewtype=50&quot;,return)</action>
	</shortcut>
	<shortcut>
		<defaultID/>
		<label>[COLOR=Green]ברבונסקי (רוסית)[/COLOR]</label>
		<label2>הרחבת וידאו</label2>
		<icon>DefaultShortcut.png</icon>
		<thumb>special://profile/addon_data/script.skinshortcuts/skin.phenomenal-thumb-[COLOR=Green]ברבונסקי רוסית[-COLOR].png</thumb>
		<action>ActivateWindow(10025,&quot;plugin://plugin.video.htpt.kids/?url=%5B%27%26youtube_pl%3DPLogBXxHVJONDRWSpXcDV6qK9nM_WP-q_n%27%2C+%27%26youtube_pl%3DPLogBXxHVJONDRWSpXcDV6qK9nM_WP-q_n%27%2C+%27%26youtube_id%3Dj4tavakwmcg%27%5D&amp;mode=17&amp;name=%5BCOLOR%3DGreen%5D%D7%91%D7%A8%D7%91%D7%95%D7%A0%D7%A1%D7%A7%D7%99+%28%D7%A8%D7%95%D7%A1%D7%99%D7%AA%29%5B%2FCOLOR%5D&amp;iconimage=https%3A%2F%2Fupload.wikimedia.org%2Fwikipedia%2Fru%2F4%2F4d%2F%25D0%2591%25D0%25B0%25D1%2580%25D0%25B1%25D0%25BE%25D1%2581%25D0%25BA%25D0%25B8%25D0%25BD%25D1%258B.png&amp;desc=%5BCOLOR%3DYellow%5D%3F%5B%2FCOLOR%5D%5BCR%5D%5BCR%5D%3F&amp;num=1&amp;viewtype=50&quot;,return)</action>
	</shortcut>
</shortcuts>