<?xml version="1.0" encoding="utf-8"?><shortcuts>
	<shortcut>
		<defaultID>x1101</defaultID>
		<label>20342</label>
		<label2>Hub 1101</label2>
		<icon>special://skin/extras/icons/film.png</icon>
		<thumb>special://profile/addon_data/script.skinshortcuts/skin.phenomenal-thumb-x1101.png</thumb>
		<action>ActivateWindow(1101)</action>
	</shortcut>
	<shortcut>
		<defaultID>x1102</defaultID>
		<label>20343</label>
		<label2>Custom shortcut</label2>
		<icon>special://skin/extras/icons/tv.png</icon>
		<thumb>special://profile/addon_data/script.skinshortcuts/skin.phenomenal-thumb-x1102.png</thumb>
		<action>ActivateWindow(1102)</action>
	</shortcut>
	<shortcut>
		<defaultID>music</defaultID>
		<label>מוזיקה/הופעות</label>
		<label2>Common Shortcut</label2>
		<icon>special://skin/extras/icons/songs.png</icon>
		<thumb>special://profile/addon_data/script.skinshortcuts/skin.phenomenal-thumb-music.png</thumb>
		<action>ActivateWindow(1114)</action>
	</shortcut>
	<shortcut>
		<defaultID>livetv</defaultID>
		<label>31343584</label>
		<label2>Common Shortcut</label2>
		<icon>special://skin/extras/icons/livetv.png</icon>
		<thumb>special://profile/addon_data/script.skinshortcuts/skin.phenomenal-thumb-livetv.png</thumb>
		<action>ActivateWindow(MyPVR)</action>
	</shortcut>
	<shortcut>
		<defaultID>VOD</defaultID>
		<label>$SKIN[31314|skin.eminence.zeev|Vod]</label>
		<label2>Common Shortcut</label2>
		<icon>special://skin/extras/icons/tvguide.png</icon>
		<thumb>special://profile/addon_data/script.skinshortcuts/skin.phenomenal-thumb-VOD.png</thumb>
		<action>ActivateWindow(1112)</action>
	</shortcut>
	<shortcut>
		<defaultID>31313</defaultID>
		<label>$SKIN[31313|skin.eminence.zeev|ילדים]</label>
		<label2>Common Shortcut</label2>
		<icon>special://skin/extras/icons/rocket.png</icon>
		<thumb>special://profile/addon_data/script.skinshortcuts/skin.phenomenal-thumb-31313.png</thumb>
		<action>ActivateWindow(1113)</action>
	</shortcut>
	<shortcut>
		<defaultID>plugin.video.youtube</defaultID>
		<label>YouTube</label>
		<label2>הרחבת וידאו</label2>
		<icon>DefaultShortcut.png</icon>
		<thumb>special://profile/addon_data/script.skinshortcuts/skin.phenomenal-thumb-plugin.video.youtube.png</thumb>
		<action>ActivateWindow(10025,&quot;plugin://plugin.video.youtube&quot;,return)</action>
	</shortcut>
	<shortcut>
		<defaultID>1036</defaultID>
		<label>1036</label>
		<label2>Common Shortcut</label2>
		<icon>special://skin/extras/icons/favourites.png</icon>
		<thumb>special://profile/addon_data/script.skinshortcuts/skin.phenomenal-thumb-1036.png</thumb>
		<action>ActivateWindow(Favourites)</action>
	</shortcut>
	<shortcut>
		<defaultID>1037</defaultID>
		<label>1037</label>
		<label2>וידאו</label2>
		<icon>DefaultAddonVideo.png</icon>
		<thumb>special://profile/addon_data/script.skinshortcuts/skin.phenomenal-thumb-1037.png</thumb>
		<action>ActivateWindow(Videos,Addons,return)</action>
	</shortcut>
	<shortcut>
		<defaultID>weather</defaultID>
		<label>12600</label>
		<label2>Common Shortcut</label2>
		<icon>special://skin/extras/icons/sun.png</icon>
		<thumb>special://profile/addon_data/script.skinshortcuts/skin.phenomenal-thumb-weather.png</thumb>
		<action>ActivateWindow(Weather)</action>
	</shortcut>
	<shortcut>
		<defaultID>חיפוש</defaultID>
		<label>חיפוש</label>
		<label2>Common Shortcut</label2>
		<icon>special://skin/extras/icons/search.png</icon>
		<thumb>special://profile/addon_data/script.skinshortcuts/skin.phenomenal-thumb-חיפוש.png</thumb>
		<action>RunScript(script.globalsearch)</action>
	</shortcut>
	<shortcut>
		<defaultID>programs</defaultID>
		<label>10001</label>
		<label2>Common Shortcut</label2>
		<icon>special://skin/extras/icons/addons.png</icon>
		<thumb>special://profile/addon_data/script.skinshortcuts/skin.phenomenal-thumb-programs.png</thumb>
		<action>ActivateWindow(Programs,Addons,return)</action>
	</shortcut>
	<shortcut>
		<defaultID>settings</defaultID>
		<label>10004</label>
		<label2>Common Shortcut</label2>
		<icon>special://skin/extras/icons/settings.png</icon>
		<thumb>special://profile/addon_data/script.skinshortcuts/skin.phenomenal-thumb-settings.png</thumb>
		<action>ActivateWindow(Settings)</action>
	</shortcut>
	<shortcut>
		<defaultID>power</defaultID>
		<label>כיבוי</label>
		<label2>Common Shortcut</label2>
		<icon>special://skin/extras/icons/power.png</icon>
		<thumb>special://profile/addon_data/script.skinshortcuts/skin.phenomenal-thumb-power.png</thumb>
		<action>ActivateWindow(shutdownmenu)</action>
	</shortcut>
</shortcuts>