<?xml version="1.0" encoding="utf-8"?><shortcuts>
	<shortcut>
		<defaultID>plugin.video.youtube/kodion/search/list/</defaultID>
		<label>חיפוש</label>
		<label2>הרחבת וידאו</label2>
		<icon>DefaultShortcut.png</icon>
		<thumb>special://profile/addon_data/script.skinshortcuts/skin.phenomenal-thumb-plugin.video.youtube-kodion-search-list-.png</thumb>
		<action>ActivateWindow(10025,&quot;plugin://plugin.video.youtube/kodion/search/list/&quot;,return)</action>
	</shortcut>
</shortcuts>