<?xml version="1.0" encoding="utf-8"?><shortcuts>
	<shortcut>
		<defaultID>music</defaultID>
		<label>10005</label>
		<label2>Common Shortcut</label2>
		<icon>special://skin/extras/icons/songs.png</icon>
		<thumb/>
		<action>ActivateWindow(Music)</action>
	</shortcut>
	<shortcut>
		<defaultID>radio</defaultID>
		<label>32087</label>
		<label2>Common Shortcut</label2>
		<icon>special://skin/extras/icons/radio.png</icon>
		<thumb/>
		<action>ActivateWindow(RadioGuide)</action>
	</shortcut>
	<shortcut>
		<defaultID/>
		<label>קריוקי ישראלי</label>
		<label2>הרחבת וידאו</label2>
		<icon>DefaultShortcut.png</icon>
		<thumb>special://profile/addon_data/script.skinshortcuts/skin.eminence.zeev-thumb-קריוקי ישראלי.png</thumb>
		<action>ActivateWindow(10025,&quot;plugin://plugin.video.htpt.music/?url=&amp;mode=102&amp;name=%D7%A7%D7%A8%D7%99%D7%95%D7%A7%D7%99+%D7%99%D7%A9%D7%A8%D7%90%D7%9C%D7%99&amp;iconimage=C%3A%5CUsers%5CZEEV%5CAppData%5CRoaming%5CKodi%5Caddons%5Cservice.htpt%5Cresources%5Cmedia%5Ckaraoke.png&amp;desc=%5BCOLOR%3DYellow%5D%D7%9B%D7%9C+%D7%A9%D7%99%D7%A8%D7%99+%D7%94%D7%A7%D7%A8%D7%99%D7%95%D7%A7%D7%99+%D7%94%D7%99%D7%A9%D7%A8%D7%90%D7%9C%D7%99%D7%9D%21%5B%2FCOLOR%5D%5BCR%5D%5BCR%5D&amp;num=1&amp;viewtype=58&quot;,return)</action>
	</shortcut>
	<shortcut>
		<defaultID/>
		<label>הופעות חיות מישראל</label>
		<label2>הרחבת מוזיקה</label2>
		<icon>DefaultShortcut.png</icon>
		<thumb>special://profile/addon_data/script.skinshortcuts/skin.eminence.zeev-thumb-הופעות חיות מישראל.png</thumb>
		<action>ActivateWindow(10501,&quot;plugin://plugin.video.htpt.music/?url=&amp;mode=104&amp;name=%D7%94%D7%95%D7%A4%D7%A2%D7%95%D7%AA+%D7%97%D7%99%D7%95%D7%AA+%D7%9E%D7%99%D7%A9%D7%A8%D7%90%D7%9C&amp;iconimage=C%3A%5CUsers%5CZEEV%5CAppData%5CRoaming%5CKodi%5Caddons%5Cservice.htpt%5Cresources%5Cmedia%5Cguitar.png&amp;desc=%5BCOLOR%3DYellow%5D%D7%9B%D7%9C+%D7%94%D7%95%D7%A4%D7%A2%D7%95%D7%AA+%D7%94%D7%96%D7%9E%D7%A8%D7%99%D7%9D+%D7%94%D7%99%D7%A9%D7%A8%D7%90%D7%9C%D7%99%D7%9D%21%5B%2FCOLOR%5D%5BCR%5D%5BCR%5D&amp;num=1&amp;viewtype=58&quot;,return)</action>
	</shortcut>
	<shortcut>
		<defaultID/>
		<label>מוזיקה לועזית</label>
		<label2>הרחבת וידאו</label2>
		<icon>DefaultShortcut.png</icon>
		<thumb>special://profile/addon_data/script.skinshortcuts/skin.eminence.zeev-thumb-מוזיקה לועזית.png</thumb>
		<action>ActivateWindow(10025,&quot;plugin://plugin.video.htpt.music/?url=&amp;mode=111&amp;name=%D7%9E%D7%95%D7%96%D7%99%D7%A7%D7%94+%D7%9C%D7%95%D7%A2%D7%96%D7%99%D7%AA&amp;iconimage=C%3A%5CUsers%5CZEEV%5CAppData%5CRoaming%5CKodi%5Caddons%5Cservice.htpt%5Cresources%5Cmedia%5Cmusic.png&amp;desc=%5BCOLOR%3DYellow%5D%D7%9B%D7%9C+%D7%94%D7%96%D7%9E%D7%A8%D7%99%D7%9D+%D7%94%D7%9E%D7%95%D7%91%D7%99%D7%9C%D7%99%D7%9D+%D7%9E%D7%97%D7%95%22%D7%9C%21%5B%2FCOLOR%5D%5BCR%5D%5BCR%5D&amp;num=1&amp;viewtype=58&quot;,return)</action>
	</shortcut>
	<shortcut>
		<defaultID/>
		<label>מוזיקה ישראלית</label>
		<label2>הרחבת וידאו</label2>
		<icon>DefaultShortcut.png</icon>
		<thumb>special://profile/addon_data/script.skinshortcuts/skin.eminence.zeev-thumb-מוזיקה ישראלית.png</thumb>
		<action>ActivateWindow(10025,&quot;plugin://plugin.video.htpt.music/?url=&amp;mode=101&amp;name=%D7%9E%D7%95%D7%96%D7%99%D7%A7%D7%94+%D7%99%D7%A9%D7%A8%D7%90%D7%9C%D7%99%D7%AA&amp;iconimage=C%3A%5CUsers%5CZEEV%5CAppData%5CRoaming%5CKodi%5Caddons%5Cservice.htpt%5Cresources%5Cmedia%5Cmusic.png&amp;desc=%5BCOLOR%3DYellow%5D%D7%9B%D7%9C+%D7%94%D7%96%D7%9E%D7%A8%D7%99%D7%9D+%D7%94%D7%99%D7%A9%D7%A8%D7%90%D7%9C%D7%99%D7%9D%21%5B%2FCOLOR%5D%5BCR%5D%5BCR%5D&amp;num=1&amp;viewtype=58&quot;,return)</action>
	</shortcut>
	<shortcut>
		<defaultID>plugin.video.spotitube</defaultID>
		<label>Youtube Music</label>
		<label2>הרחבת מוזיקה</label2>
		<icon>DefaultShortcut.png</icon>
		<thumb>special://profile/addon_data/script.skinshortcuts/skin.phenomenal-thumb-plugin.video.spotitube.png</thumb>
		<action>ActivateWindow(10501,&quot;plugin://plugin.video.spotitube&quot;,return)</action>
	</shortcut>
</shortcuts>