<settings>
    <accessibility>
        <audiohearing default="true">false</audiohearing>
        <audiovisual default="true">false</audiovisual>
        <subhearing default="true">false</subhearing>
    </accessibility>
    <audiocds>
        <autoaction default="true">0</autoaction>
        <ejectonrip default="true">true</ejectonrip>
        <encoder default="true">audioencoder.xbmc.builtin.wav</encoder>
        <recordingpath default="true"></recordingpath>
        <trackpathformat default="true">%A/%A - %B/[%N. ][%A - ]%T</trackpathformat>
        <usecddb default="true">true</usecddb>
    </audiocds>
    <audiooutput>
        <ac3passthrough default="true">true</ac3passthrough>
        <ac3transcode>true</ac3transcode>
        <audiodevice default="true">DIRECTSOUND:default</audiodevice>
        <channels default="true">1</channels>
        <config default="true">2</config>
        <dtshdpassthrough default="true">false</dtshdpassthrough>
        <dtspassthrough>true</dtspassthrough>
        <eac3passthrough default="true">false</eac3passthrough>
        <guisoundmode default="true">1</guisoundmode>
        <maintainoriginalvolume default="true">true</maintainoriginalvolume>
        <passthrough default="true">false</passthrough>
        <passthroughdevice>DIRECTSOUND:{614B4AE8-9B66-4CA4-A5F4-D968091BFCFA}</passthroughdevice>
        <processquality default="true">30</processquality>
        <samplerate default="true">48000</samplerate>
        <stereoupmix default="true">false</stereoupmix>
        <streamsilence default="true">1</streamsilence>
        <truehdpassthrough default="true">false</truehdpassthrough>
    </audiooutput>
    <cache>
        <harddisk default="true">256</harddisk>
    </cache>
    <cacheaudio>
        <dvdrom default="true">256</dvdrom>
        <internet default="true">256</internet>
        <lan default="true">256</lan>
    </cacheaudio>
    <cachedvd>
        <dvdrom default="true">2048</dvdrom>
        <lan default="true">2048</lan>
    </cachedvd>
    <cacheunknown>
        <internet default="true">4096</internet>
    </cacheunknown>
    <cachevideo>
        <dvdrom default="true">2048</dvdrom>
        <internet default="true">4096</internet>
        <lan default="true">2048</lan>
    </cachevideo>
    <debug>
        <extralogging default="true">true</extralogging>
        <screenshotpath default="true"></screenshotpath>
        <setextraloglevel default="true">32768</setextraloglevel>
        <showloginfo default="true">false</showloginfo>
    </debug>
    <disc>
        <playback default="true">0</playback>
    </disc>
    <dvds>
        <automenu default="true">false</automenu>
        <autorun default="true">false</autorun>
        <playerregion default="true">0</playerregion>
    </dvds>
    <epg>
        <daystodisplay>7</daystodisplay>
        <epgupdate default="true">120</epgupdate>
        <hidenoinfoavailable default="true">true</hidenoinfoavailable>
        <ignoredbforclient default="true">false</ignoredbforclient>
        <preventupdateswhileplayingtv default="true">false</preventupdateswhileplayingtv>
        <selectaction default="true">2</selectaction>
    </epg>
    <filelists>
        <allowfiledeletion>true</allowfiledeletion>
        <ignorethewhensorting default="true">true</ignorethewhensorting>
        <showaddsourcebuttons default="true">true</showaddsourcebuttons>
        <showextensions default="true">true</showextensions>
        <showhidden>true</showhidden>
        <showparentdiritems default="true">true</showparentdiritems>
    </filelists>
    <general>
        <addonbrokenfilter default="true">true</addonbrokenfilter>
        <addonforeignfilter default="true">false</addonforeignfilter>
        <addonnotifications default="true">true</addonnotifications>
        <addonupdates default="true">0</addonupdates>
        <systemtotaluptime>7907</systemtotaluptime>
        <settinglevel>3</settinglevel>
    </general>
    <input>
        <enablejoystick default="true">true</enablejoystick>
        <enablemouse default="true">true</enablemouse>
    </input>
    <karaoke>
        <autopopupselector default="true">false</autopopupselector>
        <charset default="true">DEFAULT</charset>
        <enabled default="true">false</enabled>
        <font default="true">arial.ttf</font>
        <fontcolors default="true">0</fontcolors>
        <fontheight default="true">36</fontheight>
    </karaoke>
    <locale>
        <audiolanguage default="true">original</audiolanguage>
        <charset default="true">DEFAULT</charset>
        <country>Israel</country>
        <keyboardlayouts>English QWERTY|Hebrew QWERTY</keyboardlayouts>
        <language>resource.language.he_il</language>
        <longdateformat default="true">regional</longdateformat>
        <shortdateformat default="true">regional</shortdateformat>
        <speedunit default="true">regional</speedunit>
        <subtitlelanguage>Hebrew</subtitlelanguage>
        <temperatureunit default="true">regional</temperatureunit>
        <timeformat default="true">regional</timeformat>
        <timezone default="true">default</timezone>
        <timezonecountry default="true">default</timezonecountry>
        <use24hourclock default="true">regional</use24hourclock>
    </locale>
    <lookandfeel>
        <enablerssfeeds default="true">true</enablerssfeeds>
        <font default="true">Default</font>
        <rssedit default="true"></rssedit>
        <skin>skin.eminence.zeev</skin>
        <skincolors default="true">SKINDEFAULT</skincolors>
        <skintheme default="true">SKINDEFAULT</skintheme>
        <skinzoom default="true">0</skinzoom>
        <soundskin default="true">resource.uisounds.confluence</soundskin>
        <startupwindow default="true">10000</startupwindow>
    </lookandfeel>
    <masterlock>
        <maxretries default="true">3</maxretries>
        <startuplock default="true">false</startuplock>
    </masterlock>
    <musicfiles>
        <findremotethumbs default="true">true</findremotethumbs>
        <librarytrackformat default="true"></librarytrackformat>
        <librarytrackformatright default="true"></librarytrackformatright>
        <nowplayingtrackformat default="true"></nowplayingtrackformat>
        <nowplayingtrackformatright default="true"></nowplayingtrackformatright>
        <trackformat default="true">[%N. ]%A - %T</trackformat>
        <trackformatright default="true">%D</trackformatright>
        <usetags default="true">true</usetags>
    </musicfiles>
    <musiclibrary>
        <albumsscraper default="true">metadata.album.universal</albumsscraper>
        <artistsscraper default="true">metadata.artists.universal</artistsscraper>
        <backgroundupdate default="true">false</backgroundupdate>
        <downloadinfo default="true">false</downloadinfo>
        <overridetags default="true">false</overridetags>
        <showallitems default="true">true</showallitems>
        <showcompilationartists default="true">true</showcompilationartists>
        <updateonstartup default="true">false</updateonstartup>
    </musiclibrary>
    <musicplayer>
        <autoplaynextitem default="true">true</autoplaynextitem>
        <crossfade default="true">0</crossfade>
        <crossfadealbumtracks default="true">true</crossfadealbumtracks>
        <queuebydefault default="true">false</queuebydefault>
        <replaygainavoidclipping default="true">false</replaygainavoidclipping>
        <replaygainnogainpreamp default="true">89</replaygainnogainpreamp>
        <replaygainpreamp default="true">89</replaygainpreamp>
        <replaygaintype default="true">1</replaygaintype>
        <seekdelay default="true">750</seekdelay>
        <seeksteps default="true">-60,-30,-10,10,30,60</seeksteps>
        <visualisation default="true">visualization.milkdrop</visualisation>
    </musicplayer>
    <mymusic>
        <defaultlibview default="true"></defaultlibview>
        <songthumbinvis default="true">false</songthumbinvis>
        <startwindow default="true">10501</startwindow>
        <playlist>
            <repeat>true</repeat>
            <shuffle>false</shuffle>
        </playlist>
        <needsupdate>0</needsupdate>
    </mymusic>
    <myvideos>
        <extractchapterthumbs default="true">true</extractchapterthumbs>
        <extractflags default="true">true</extractflags>
        <extractthumb default="true">true</extractthumb>
        <flatten default="true">false</flatten>
        <replacelabels default="true">true</replacelabels>
        <selectaction default="true">1</selectaction>
        <stackvideos default="true">false</stackvideos>
        <watchmodemovies>0</watchmodemovies>
        <watchmodetvshows>0</watchmodetvshows>
        <watchmodemusicvideos>0</watchmodemusicvideos>
        <playlist>
            <repeat>false</repeat>
            <shuffle>false</shuffle>
        </playlist>
        <needsupdate>0</needsupdate>
    </myvideos>
    <network>
        <bandwidth default="true">0</bandwidth>
        <httpproxypassword default="true"></httpproxypassword>
        <httpproxyport default="true">8080</httpproxyport>
        <httpproxyserver default="true"></httpproxyserver>
        <httpproxytype default="true">0</httpproxytype>
        <httpproxyusername default="true"></httpproxyusername>
        <usehttpproxy default="true">false</usehttpproxy>
    </network>
    <pictures>
        <displayresolution>15</displayresolution>
        <generatethumbs default="true">true</generatethumbs>
        <showvideos default="true">true</showvideos>
        <useexifrotation default="true">true</useexifrotation>
        <usetags default="true">true</usetags>
    </pictures>
    <powermanagement>
        <displaysoff default="true">0</displaysoff>
        <shutdownstate default="true">0</shutdownstate>
        <shutdowntime default="true">0</shutdowntime>
        <wakeonaccess default="true">false</wakeonaccess>
    </powermanagement>
    <pvrmanager>
        <backendchannelorder default="true">true</backendchannelorder>
        <enabled>true</enabled>
        <hideconnectionlostwarning default="true">false</hideconnectionlostwarning>
        <syncchannelgroups default="true">true</syncchannelgroups>
        <usebackendchannelnumbers default="true">false</usebackendchannelnumbers>
    </pvrmanager>
    <pvrmenu>
        <closechannelosdonswitch default="true">true</closechannelosdonswitch>
        <displaychannelinfo default="true">5</displaychannelinfo>
        <iconpath default="true"></iconpath>
    </pvrmenu>
    <pvrparental>
        <duration default="true">300</duration>
        <enabled default="true">false</enabled>
        <pin default="true"></pin>
    </pvrparental>
    <pvrplayback>
        <channelentrytimeout default="true">0</channelentrytimeout>
        <confirmchannelswitch default="true">false</confirmchannelswitch>
        <fps default="true">0</fps>
        <playminimized>false</playminimized>
        <scantime default="true">10</scantime>
        <signalquality default="true">true</signalquality>
        <startlast default="true">0</startlast>
    </pvrplayback>
    <pvrpowermanagement>
        <backendidletime default="true">15</backendidletime>
        <dailywakeup default="true">false</dailywakeup>
        <dailywakeuptime default="true">00:00:00</dailywakeuptime>
        <enabled default="true">false</enabled>
        <prewakeup default="true">15</prewakeup>
        <setwakeupcmd default="true"></setwakeupcmd>
    </pvrpowermanagement>
    <pvrrecord>
        <defaultlifetime default="true">99</defaultlifetime>
        <defaultpriority default="true">50</defaultpriority>
        <instantrecordtime default="true">120</instantrecordtime>
        <marginend default="true">0</marginend>
        <marginstart default="true">0</marginstart>
        <timernotifications default="true">true</timernotifications>
    </pvrrecord>
    <scrapers>
        <moviesdefault default="true">metadata.themoviedb.org</moviesdefault>
        <musicvideosdefault default="true">metadata.musicvideos.theaudiodb.com</musicvideosdefault>
        <tvshowsdefault default="true">metadata.tvdb.com</tvshowsdefault>
    </scrapers>
    <screensaver>
        <mode default="true">screensaver.xbmc.builtin.dim</mode>
        <time default="true">3</time>
        <usedimonpause default="true">true</usedimonpause>
        <usemusicvisinstead default="true">true</usemusicvisinstead>
    </screensaver>
    <services>
        <airplay default="true">false</airplay>
        <airplayios8compat default="true">true</airplayios8compat>
        <airplaypassword default="true"></airplaypassword>
        <airplayvolumecontrol default="true">true</airplayvolumecontrol>
        <devicename>The-Vibe.co.il</devicename>
        <esallinterfaces default="true">false</esallinterfaces>
        <escontinuousdelay default="true">25</escontinuousdelay>
        <esenabled>false</esenabled>
        <esinitialdelay default="true">750</esinitialdelay>
        <esmaxclients default="true">20</esmaxclients>
        <esport default="true">9777</esport>
        <esportrange default="true">10</esportrange>
        <upnpannounce default="true">true</upnpannounce>
        <upnpcontroller>true</upnpcontroller>
        <upnplookforexternalsubtitles>true</upnplookforexternalsubtitles>
        <upnprenderer>true</upnprenderer>
        <upnpserver>true</upnpserver>
        <useairplaypassword default="true">false</useairplaypassword>
        <webserver>true</webserver>
        <webserverpassword default="true"></webserverpassword>
        <webserverport default="true">80</webserverport>
        <webserverusername default="true">kodi</webserverusername>
        <webskin default="true">webinterface.default</webskin>
        <zeroconf default="true">false</zeroconf>
    </services>
    <slideshow>
        <displayeffects default="true">true</displayeffects>
        <shuffle default="true">false</shuffle>
        <staytime default="true">5</staytime>
    </slideshow>
    <smb>
        <winsserver default="true">0.0.0.0</winsserver>
        <workgroup default="true">WORKGROUP</workgroup>
    </smb>
    <subtitles>
        <align default="true">0</align>
        <charset default="true">DEFAULT</charset>
        <color default="true">1</color>
        <custompath default="true"></custompath>
        <downloadfirst default="true">false</downloadfirst>
        <font default="true">arial.ttf</font>
        <height default="true">28</height>
        <languages>English,Hebrew</languages>
        <movie default="true"></movie>
        <overrideassfonts default="true">false</overrideassfonts>
        <parsecaptions default="true">false</parsecaptions>
        <pauseonsearch default="true">true</pauseonsearch>
        <stereoscopicdepth default="true">0</stereoscopicdepth>
        <storagemode default="true">0</storagemode>
        <style default="true">1</style>
        <tv default="true"></tv>
    </subtitles>
    <system>
        <playlistspath>special://profile/playlists/</playlistspath>
    </system>
    <videolibrary>
        <actorthumbs default="true">true</actorthumbs>
        <backgroundupdate default="true">false</backgroundupdate>
        <flattentvshows default="true">1</flattentvshows>
        <groupmoviesets default="true">false</groupmoviesets>
        <showallitems default="true">true</showallitems>
        <showunwatchedplots default="true">true</showunwatchedplots>
        <tvshowsincludeallseasonsandspecials default="true">0</tvshowsincludeallseasonsandspecials>
        <tvshowsselectfirstunwatcheditem default="true">0</tvshowsselectfirstunwatcheditem>
        <updateonstartup default="true">false</updateonstartup>
    </videolibrary>
    <videoplayer>
        <adjustrefreshrate default="true">0</adjustrefreshrate>
        <autoplaynextitem default="true">false</autoplaynextitem>
        <errorinaspect default="true">0</errorinaspect>
        <hqscalers default="true">0</hqscalers>
        <pauseafterrefreshchange default="true">0</pauseafterrefreshchange>
        <preferdefaultflag default="true">true</preferdefaultflag>
        <prefervaapirender default="true">true</prefervaapirender>
        <quitstereomodeonstop default="true">true</quitstereomodeonstop>
        <rendermethod default="true">0</rendermethod>
        <seekdelay default="true">750</seekdelay>
        <seeksteps default="true">-600,-300,-180,-60,-30,-10,10,30,60,180,300,600</seeksteps>
        <stereoscopicplaybackmode default="true">0</stereoscopicplaybackmode>
        <stretch43>4</stretch43>
        <teletextenabled default="true">true</teletextenabled>
        <teletextscale default="true">true</teletextscale>
        <useamcodec default="true">true</useamcodec>
        <usedisplayasclock default="true">false</usedisplayasclock>
        <usedxva2 default="true">true</usedxva2>
        <useomx default="true">true</useomx>
        <useomxplayer default="true">true</useomxplayer>
        <usevaapi default="true">true</usevaapi>
        <usevaapimpeg2 default="true">true</usevaapimpeg2>
        <usevaapimpeg4 default="true">true</usevaapimpeg4>
        <usevaapivc1 default="true">true</usevaapivc1>
        <usevda default="true">true</usevda>
        <usevdpau default="true">true</usevdpau>
        <usevdpaumixer default="true">true</usevdpaumixer>
        <usevdpaumpeg2 default="true">true</usevdpaumpeg2>
        <usevdpaumpeg4 default="true">false</usevdpaumpeg4>
        <usevdpauvc1 default="true">true</usevdpauvc1>
        <usevideotoolbox default="true">true</usevideotoolbox>
    </videoplayer>
    <videoscreen>
        <blankdisplays default="true">false</blankdisplays>
        <fakefullscreen default="true">true</fakefullscreen>
        <limitedrange default="true">false</limitedrange>
        <monitor default="true">Default</monitor>
        <preferedstereoscopicmode default="true">100</preferedstereoscopicmode>
        <resolution>15</resolution>
        <screen>-1</screen>
        <screenmode>WINDOW</screenmode>
        <stereoscopicmode default="true">0</stereoscopicmode>
        <vsync default="true">2</vsync>
    </videoscreen>
    <weather>
        <addon>weather.yahoo</addon>
        <currentlocation default="true">1</currentlocation>
    </weather>
    <window>
        <height>719</height>
        <width>1278</width>
    </window>
    <resolutions>
        <resolution>
            <description>1920x1080@ 60.00 - Full Screen</description>
            <subtitles>1030</subtitles>
            <pixelratio>1.010857</pixelratio>
            <overscan>
                <left>0</left>
                <top>0</top>
                <right>1920</right>
                <bottom>1080</bottom>
            </overscan>
        </resolution>
        <resolution>
            <description>640x480@ 60.00 - Full Screen</description>
            <subtitles>463</subtitles>
            <pixelratio>1.000000</pixelratio>
            <overscan>
                <left>0</left>
                <top>0</top>
                <right>640</right>
                <bottom>480</bottom>
            </overscan>
        </resolution>
        <resolution>
            <description>720x480@ 56.00 - Full Screen</description>
            <subtitles>463</subtitles>
            <pixelratio>1.000000</pixelratio>
            <overscan>
                <left>0</left>
                <top>0</top>
                <right>720</right>
                <bottom>480</bottom>
            </overscan>
        </resolution>
        <resolution>
            <description>720x480@ 60.00 - Full Screen</description>
            <subtitles>463</subtitles>
            <pixelratio>1.000000</pixelratio>
            <overscan>
                <left>0</left>
                <top>0</top>
                <right>720</right>
                <bottom>480</bottom>
            </overscan>
        </resolution>
        <resolution>
            <description>720x576@ 56.00 - Full Screen</description>
            <subtitles>555</subtitles>
            <pixelratio>1.000000</pixelratio>
            <overscan>
                <left>0</left>
                <top>0</top>
                <right>720</right>
                <bottom>576</bottom>
            </overscan>
        </resolution>
        <resolution>
            <description>720x576@ 60.00 - Full Screen</description>
            <subtitles>555</subtitles>
            <pixelratio>1.000000</pixelratio>
            <overscan>
                <left>0</left>
                <top>0</top>
                <right>720</right>
                <bottom>576</bottom>
            </overscan>
        </resolution>
        <resolution>
            <description>800x600@ 56.00 - Full Screen</description>
            <subtitles>579</subtitles>
            <pixelratio>1.000000</pixelratio>
            <overscan>
                <left>0</left>
                <top>0</top>
                <right>800</right>
                <bottom>600</bottom>
            </overscan>
        </resolution>
        <resolution>
            <description>800x600@ 60.00 - Full Screen</description>
            <subtitles>579</subtitles>
            <pixelratio>1.000000</pixelratio>
            <overscan>
                <left>0</left>
                <top>0</top>
                <right>800</right>
                <bottom>600</bottom>
            </overscan>
        </resolution>
        <resolution>
            <description>1024x768@ 60.00 - Full Screen</description>
            <subtitles>741</subtitles>
            <pixelratio>1.000000</pixelratio>
            <overscan>
                <left>0</left>
                <top>0</top>
                <right>1024</right>
                <bottom>768</bottom>
            </overscan>
        </resolution>
        <resolution>
            <description>1152x864@ 60.00 - Full Screen</description>
            <subtitles>833</subtitles>
            <pixelratio>1.000000</pixelratio>
            <overscan>
                <left>0</left>
                <top>0</top>
                <right>1152</right>
                <bottom>864</bottom>
            </overscan>
        </resolution>
        <resolution>
            <description>1280x720@ 60.00 - Full Screen</description>
            <subtitles>694</subtitles>
            <pixelratio>1.000000</pixelratio>
            <overscan>
                <left>0</left>
                <top>0</top>
                <right>1280</right>
                <bottom>720</bottom>
            </overscan>
        </resolution>
        <resolution>
            <description>1280x768@ 60.00 - Full Screen</description>
            <subtitles>741</subtitles>
            <pixelratio>1.000000</pixelratio>
            <overscan>
                <left>0</left>
                <top>0</top>
                <right>1280</right>
                <bottom>768</bottom>
            </overscan>
        </resolution>
        <resolution>
            <description>1280x800@ 60.00 - Full Screen</description>
            <subtitles>772</subtitles>
            <pixelratio>1.000000</pixelratio>
            <overscan>
                <left>0</left>
                <top>0</top>
                <right>1280</right>
                <bottom>800</bottom>
            </overscan>
        </resolution>
        <resolution>
            <description>1280x960@ 60.00 - Full Screen</description>
            <subtitles>926</subtitles>
            <pixelratio>1.000000</pixelratio>
            <overscan>
                <left>0</left>
                <top>0</top>
                <right>1280</right>
                <bottom>960</bottom>
            </overscan>
        </resolution>
        <resolution>
            <description>1280x1024@ 60.00 - Full Screen</description>
            <subtitles>988</subtitles>
            <pixelratio>1.000000</pixelratio>
            <overscan>
                <left>0</left>
                <top>0</top>
                <right>1280</right>
                <bottom>1024</bottom>
            </overscan>
        </resolution>
        <resolution>
            <description>1360x768@ 60.00 - Full Screen</description>
            <subtitles>741</subtitles>
            <pixelratio>1.000000</pixelratio>
            <overscan>
                <left>0</left>
                <top>0</top>
                <right>1360</right>
                <bottom>768</bottom>
            </overscan>
        </resolution>
        <resolution>
            <description>1366x768@ 60.00 - Full Screen</description>
            <subtitles>741</subtitles>
            <pixelratio>1.000000</pixelratio>
            <overscan>
                <left>0</left>
                <top>0</top>
                <right>1366</right>
                <bottom>768</bottom>
            </overscan>
        </resolution>
        <resolution>
            <description>1600x900@ 60.00 - Full Screen</description>
            <subtitles>868</subtitles>
            <pixelratio>1.000000</pixelratio>
            <overscan>
                <left>0</left>
                <top>0</top>
                <right>1600</right>
                <bottom>900</bottom>
            </overscan>
        </resolution>
        <resolution>
            <description>1600x1024@ 59.94 - Full Screen</description>
            <subtitles>988</subtitles>
            <pixelratio>1.000000</pixelratio>
            <overscan>
                <left>0</left>
                <top>0</top>
                <right>1600</right>
                <bottom>1024</bottom>
            </overscan>
        </resolution>
        <resolution>
            <description>1600x1024@ 60.00 - Full Screen</description>
            <subtitles>988</subtitles>
            <pixelratio>1.000000</pixelratio>
            <overscan>
                <left>0</left>
                <top>0</top>
                <right>1600</right>
                <bottom>1024</bottom>
            </overscan>
        </resolution>
        <resolution>
            <description>1600x1200@ 60.00 - Full Screen</description>
            <subtitles>1158</subtitles>
            <pixelratio>1.000000</pixelratio>
            <overscan>
                <left>0</left>
                <top>0</top>
                <right>1600</right>
                <bottom>1200</bottom>
            </overscan>
        </resolution>
        <resolution>
            <description>1680x1050@ 59.94 - Full Screen</description>
            <subtitles>1013</subtitles>
            <pixelratio>1.000000</pixelratio>
            <overscan>
                <left>0</left>
                <top>0</top>
                <right>1680</right>
                <bottom>1050</bottom>
            </overscan>
        </resolution>
        <resolution>
            <description>1680x1050@ 60.00 - Full Screen</description>
            <subtitles>1013</subtitles>
            <pixelratio>1.000000</pixelratio>
            <overscan>
                <left>0</left>
                <top>0</top>
                <right>1680</right>
                <bottom>1050</bottom>
            </overscan>
        </resolution>
        <resolution>
            <description>1440x900@ 60.00 - Full Screen</description>
            <subtitles>868</subtitles>
            <pixelratio>1.000000</pixelratio>
            <overscan>
                <left>0</left>
                <top>0</top>
                <right>1440</right>
                <bottom>900</bottom>
            </overscan>
        </resolution>
    </resolutions>
    <defaultvideosettings>
        <deinterlacemode>1</deinterlacemode>
        <interlacemethod>1</interlacemethod>
        <scalingmethod>1</scalingmethod>
        <noisereduction>0.000000</noisereduction>
        <postprocess>false</postprocess>
        <sharpness>0.000000</sharpness>
        <viewmode>6</viewmode>
        <zoomamount>1.010000</zoomamount>
        <pixelratio>1.000000</pixelratio>
        <verticalshift>0.000000</verticalshift>
        <volumeamplification>10.000000</volumeamplification>
        <outputtoallspeakers>false</outputtoallspeakers>
        <showsubtitles>true</showsubtitles>
        <brightness>50.000000</brightness>
        <contrast>50.000000</contrast>
        <gamma>20.000000</gamma>
        <audiodelay>0.000000</audiodelay>
        <subtitledelay>0.000000</subtitledelay>
        <nonlinstretch>false</nonlinstretch>
        <stereomode>0</stereomode>
    </defaultvideosettings>
    <skinsettings>
        <setting type="bool" name="skin.confluence.Use_Startup_Playlist">false</setting>
        <setting type="bool" name="skin.confluence.UseCustomBackground">false</setting>
        <setting type="bool" name="skin.confluence.HideBackGroundFanart">false</setting>
        <setting type="bool" name="skin.confluence.ShowBackgroundVideo">false</setting>
        <setting type="bool" name="skin.confluence.ShowBackgroundVis">false</setting>
        <setting type="bool" name="skin.confluence.HomepageHideRecentlyAddedVideo">false</setting>
        <setting type="bool" name="skin.confluence.HomepageHideRecentlyAddedAlbums">false</setting>
        <setting type="bool" name="skin.confluence.homepageWeatherinfo">false</setting>
        <setting type="bool" name="skin.confluence.homepageMusicinfo">false</setting>
        <setting type="bool" name="skin.confluence.homepageVideoinfo">false</setting>
        <setting type="bool" name="skin.confluence.HomeMenuNoMovieButton">false</setting>
        <setting type="bool" name="skin.confluence.HomeMenuNoTVShowButton">false</setting>
        <setting type="bool" name="skin.confluence.HomeMenuNoWeatherButton">false</setting>
        <setting type="bool" name="skin.confluence.HomeMenuNoPicturesButton">false</setting>
        <setting type="bool" name="skin.confluence.HomeMenuNoVideosButton">false</setting>
        <setting type="bool" name="skin.confluence.HomeMenuNoMusicButton">false</setting>
        <setting type="bool" name="skin.confluence.HomeMenuNoProgramsButton">false</setting>
        <setting type="bool" name="skin.confluence.AutoScroll">false</setting>
        <setting type="bool" name="skin.confluence.FirstTimeRun">true</setting>
        <setting type="bool" name="skin.confluence.HideFilenameFlagging">false</setting>
        <setting type="bool" name="skin.confluence.View508HideInfo">false</setting>
        <setting type="bool" name="skin.confluence.Admin">false</setting>
        <setting type="bool" name="skin.confluence.Admin2">false</setting>
        <setting type="bool" name="skin.confluence.Admin3">false</setting>
        <setting type="bool" name="skin.confluence.Adult">false</setting>
        <setting type="bool" name="skin.confluence.Adult2">false</setting>
        <setting type="bool" name="skin.confluence.AutoPlay_HD">false</setting>
        <setting type="bool" name="skin.confluence.AutoPlaySD">false</setting>
        <setting type="bool" name="skin.confluence.AutoPlay_Pause">false</setting>
        <setting type="bool" name="skin.confluence.AutoViewoff">false</setting>
        <setting type="bool" name="skin.confluence.Connected">false</setting>
        <setting type="bool" name="skin.confluence.Connected2">false</setting>
        <setting type="bool" name="skin.confluence.Connected3">false</setting>
        <setting type="bool" name="skin.confluence.DialogSelectOpen">false</setting>
        <setting type="bool" name="skin.confluence.tvshowsep">false</setting>
        <setting type="bool" name="skin.confluence.musicsep">false</setting>
        <setting type="bool" name="skin.confluence.kidsep">false</setting>
        <setting type="bool" name="skin.confluence.kidseptip">false</setting>
        <setting type="bool" name="skin.confluence.myHTPT3">false</setting>
        <setting type="bool" name="skin.confluence.AllowDebug">false</setting>
        <setting type="bool" name="skin.confluence.RealDebrid">false</setting>
        <setting type="bool" name="skin.confluence.SdarotTV">false</setting>
        <setting type="bool" name="skin.confluence.VALIDATION">false</setting>
        <setting type="bool" name="skin.confluence.VALIDATION2">false</setting>
        <setting type="bool" name="skin.confluence.AutoShutdown">false</setting>
        <setting type="bool" name="skin.confluence.CustomGUI">false</setting>
        <setting type="bool" name="skin.confluence.Performance">false</setting>
        <setting type="bool" name="skin.confluence.ShowDialog">false</setting>
        <setting type="bool" name="skin.confluence.TotalMouse">false</setting>
        <setting type="bool" name="skin.confluence.CustomAS">false</setting>
        <setting type="bool" name="skin.confluence.CustomSources">false</setting>
        <setting type="bool" name="skin.confluence.CustomKeymaps">false</setting>
        <setting type="bool" name="skin.confluence.ID40">false</setting>
        <setting type="bool" name="skin.confluence.Trial">false</setting>
        <setting type="bool" name="skin.confluence.Account1_Active">false</setting>
        <setting type="bool" name="skin.confluence.Account2_Active">false</setting>
        <setting type="bool" name="skin.confluence.Account3_Active">false</setting>
        <setting type="bool" name="skin.confluence.Account4_Active">false</setting>
        <setting type="bool" name="skin.confluence.Account5_Active">false</setting>
        <setting type="bool" name="skin.confluence.Account6_Active">false</setting>
        <setting type="bool" name="skin.confluence.Account7_Active">false</setting>
        <setting type="bool" name="skin.confluence.Account8_Active">false</setting>
        <setting type="bool" name="skin.confluence.Account9_Active">false</setting>
        <setting type="bool" name="skin.confluence.Account10_Active">false</setting>
        <setting type="bool" name="skin.confluence.AutoFocusUnwatchedEpisode">false</setting>
        <setting type="bool" name="skin.confluence.SmartShortcuts.emby">false</setting>
        <setting type="bool" name="skin.confluence.SmartShortcuts.playlists">false</setting>
        <setting type="bool" name="skin.confluence.SmartShortcuts.favorites">false</setting>
        <setting type="bool" name="skin.confluence.SmartShortcuts.plex">false</setting>
        <setting type="bool" name="skin.confluence.SmartShortcuts.netflix">false</setting>
        <setting type="bool" name="skin.confluence.EnableNextAiredNotifications">false</setting>
        <setting type="bool" name="skin.eminence.zeev.disable.rss">false</setting>
        <setting type="bool" name="skin.eminence.zeev.header.matchhighlight">false</setting>
        <setting type="bool" name="skin.eminence.zeev.home.colortilehigh2">true</setting>
        <setting type="bool" name="skin.eminence.zeev.home.tilecolor">true</setting>
        <setting type="bool" name="skin.eminence.zeev.header.HighlightColor4">false</setting>
        <setting type="bool" name="skin.eminence.zeev.header.HighlightColor3">false</setting>
        <setting type="bool" name="skin.eminence.zeev.disable.pvricon">false</setting>
        <setting type="bool" name="skin.eminence.zeev.header.matchhome">false</setting>
        <setting type="bool" name="skin.eminence.zeev.osd.useclassicinfo">false</setting>
        <setting type="bool" name="skin.eminence.zeev.Vis.ExtraInfo">false</setting>
        <setting type="bool" name="skin.eminence.zeev.osd.hidespoilers">false</setting>
        <setting type="bool" name="skin.eminence.zeev.hide.clearartosd">false</setting>
        <setting type="bool" name="skin.eminence.zeev.disable.weatherheader">false</setting>
        <setting type="bool" name="skin.eminence.zeev.disable.scrollbars">false</setting>
        <setting type="bool" name="skin.eminence.zeev.wallview.info">false</setting>
        <setting type="bool" name="skin.eminence.zeev.wallviewmusic.info">false</setting>
        <setting type="bool" name="skin.eminence.zeev.Fanart.Animate">false</setting>
        <setting type="bool" name="skin.eminence.zeev.home.usemixedglobalwidget">true</setting>
        <setting type="bool" name="skin.eminence.zeev.disable.bgvideo">false</setting>
        <setting type="bool" name="skin.eminence.zeev.disable.fanart">false</setting>
        <setting type="bool" name="skin.eminence.zeev.fanart.showall">false</setting>
        <setting type="bool" name="skin.eminence.zeev.fanart.showmore">false</setting>
        <setting type="bool" name="skin.eminence.zeev.purplefade">false</setting>
        <setting type="bool" name="skin.eminence.zeev.home.showinfoonwidget">true</setting>
        <setting type="bool" name="skin.eminence.zeev.home.talltiles">false</setting>
        <setting type="bool" name="skin.eminence.zeev.OSDVisualisation.ShowFanart">false</setting>
        <setting type="bool" name="skin.eminence.zeev.ArtistSlideshow.Animate">false</setting>
        <setting type="bool" name="skin.eminence.zeev.ArtistSlideShow.Enabled">false</setting>
        <setting type="bool" name="skin.eminence.zeev.list.highlight">false</setting>
        <setting type="bool" name="skin.eminence.zeev.home.colortilehigh">true</setting>
        <setting type="bool" name="skin.eminence.zeev.listview.tvinfo">false</setting>
        <setting type="bool" name="skin.eminence.zeev.listview.info">false</setting>
        <setting type="bool" name="skin.eminence.zeev.posterview.tvinfo">false</setting>
        <setting type="bool" name="skin.eminence.zeev.posterview.info">false</setting>
        <setting type="bool" name="skin.eminence.zeev.posterview.labels">false</setting>
        <setting type="bool" name="skin.eminence.zeev.lovefilm.info">false</setting>
        <setting type="bool" name="skin.eminence.zeev.DebugGrid">false</setting>
        <setting type="bool" name="skin.eminence.zeev.DebugInfo">false</setting>
        <setting type="bool" name="skin.eminence.zeev.rss.tvnextaired">false</setting>
        <setting type="bool" name="skin.eminence.zeev.AutoFocusUnwatchedEpisode">false</setting>
        <setting type="bool" name="skin.eminence.zeev.home.hidewidgetbox">false</setting>
        <setting type="bool" name="skin.eminence.zeev.home.showdiscart">true</setting>
        <setting type="bool" name="skin.eminence.zeev.home.DiscArtrotate">true</setting>
        <setting type="bool" name="skin.eminence.zeev.home.clearlogo">true</setting>
        <setting type="bool" name="skin.eminence.zeev.background.showvideo">true</setting>
        <setting type="bool" name="skin.eminence.zeev.background.animate">false</setting>
        <setting type="bool" name="skin.eminence.zeev.background.hidefanart">false</setting>
        <setting type="bool" name="skin.eminence.zeev.global.fanart">false</setting>
        <setting type="bool" name="skin.eminence.zeev.global.backpanelmode">false</setting>
        <setting type="bool" name="skin.eminence.zeev.furniture.showflags">false</setting>
        <setting type="bool" name="skin.eminence.zeev.home.transparent">false</setting>
        <setting type="bool" name="skin.eminence.zeev.home.tilecolor.nofocus">true</setting>
        <setting type="bool" name="skin.eminence.zeev.home.opacity">true</setting>
        <setting type="bool" name="skin.eminence.zeev.SkinShortcuts-FullMenu">true</setting>
        <setting type="bool" name="skin.eminence.zeev.skinshortcuts-background-special://skin/extras/icons/NEW_BG/movies/moviesbg.jpg">true</setting>
        <setting type="bool" name="skin.eminence.zeev.skinshortcuts-background-special://skin/extras/icons/NEW_BG/tvshows/tvshowsbg.jpg">true</setting>
        <setting type="bool" name="skin.eminence.zeev.skinshortcuts-background-special://skin/extras/icons/NEW_BG/music-category/Music.jpg">true</setting>
        <setting type="bool" name="skin.eminence.zeev.skinshortcuts-background-special://skin/extras/icons/NEW_BG/tv/tvbg.jpg">true</setting>
        <setting type="bool" name="skin.eminence.zeev.skinshortcuts-background-special://skin/extras/icons/NEW_BG/yeldudes/Kids.jpg">true</setting>
        <setting type="bool" name="skin.eminence.zeev.skinshortcuts-background-special://skin/extras/icons/NEW_BG/vod/vod.jpg">true</setting>
        <setting type="bool" name="skin.eminence.zeev.skinshortcuts-background-special://skin/extras/icons/NEW_BG/search/search.jpg">true</setting>
        <setting type="bool" name="skin.eminence.zeev.skinshortcuts-background-special://skin/extras/icons/NEW_BG/weather/weather.jpg">true</setting>
        <setting type="bool" name="skin.eminence.zeev.skinshortcuts-background-special://skin/extras/icons/NEW_BG/settings/settingbg.jpg">true</setting>
        <setting type="bool" name="skin.eminence.zeev.skinshortcuts-background-special://skin/extras/icons/NEW_BG/off/offbg.jpg">true</setting>
        <setting type="bool" name="skin.eminence.zeev.NextAired">false</setting>
        <setting type="bool" name="skin.eminence.zeev.kioskmode">false</setting>
        <setting type="bool" name="skin.eminence.zeev.ActivateTvTunes">false</setting>
        <setting type="bool" name="skin.eminence.zeev.SkinHelper.EnableExtraFanart">false</setting>
        <setting type="bool" name="skin.eminence.zeev.skin.init">true</setting>
        <setting type="bool" name="skin.eminence.zeev.skin.init2">true</setting>
        <setting type="bool" name="skin.eminence.zeev.NextAired.Update">false</setting>
        <setting type="bool" name="skin.eminence.zeev.home.widgetdown">true</setting>
        <setting type="bool" name="skin.eminence.zeev.home.monochromemode">true</setting>
        <setting type="bool" name="skin.eminence.zeev.home.301.enabled">true</setting>
        <setting type="bool" name="skin.eminence.zeev.home.302.enabled">true</setting>
        <setting type="bool" name="skin.eminence.zeev.home.303.enabled">true</setting>
        <setting type="bool" name="skin.eminence.zeev.home.304.enabled">true</setting>
        <setting type="bool" name="skin.eminence.zeev.home.305.enabled">true</setting>
        <setting type="bool" name="skin.eminence.zeev.home.306.enabled">true</setting>
        <setting type="bool" name="skin.eminence.zeev.home.307.enabled">true</setting>
        <setting type="bool" name="skin.eminence.zeev.home.308.enabled">true</setting>
        <setting type="bool" name="skin.eminence.zeev.home.309.enabled">true</setting>
        <setting type="bool" name="skin.eminence.zeev.home.310.enabled">true</setting>
        <setting type="bool" name="skin.eminence.zeev.home.311.enabled">true</setting>
        <setting type="bool" name="skin.eminence.zeev.home.313.enabled">true</setting>
        <setting type="bool" name="skin.eminence.zeev.home.314.enabled">true</setting>
        <setting type="bool" name="skin.eminence.zeev.HideDebugInfo">true</setting>
        <setting type="bool" name="skin.eminence.zeev.showdetailedosdinfo">true</setting>
        <setting type="bool" name="skin.eminence.zeev.Admin">false</setting>
        <setting type="bool" name="skin.eminence.zeev.Admin2">false</setting>
        <setting type="bool" name="skin.eminence.zeev.Admin3">false</setting>
        <setting type="bool" name="skin.eminence.zeev.Adult">false</setting>
        <setting type="bool" name="skin.eminence.zeev.Adult2">false</setting>
        <setting type="bool" name="skin.eminence.zeev.AutoPlay_HD">false</setting>
        <setting type="bool" name="skin.eminence.zeev.AutoPlaySD">false</setting>
        <setting type="bool" name="skin.eminence.zeev.AutoPlay_Pause">false</setting>
        <setting type="bool" name="skin.eminence.zeev.AutoViewoff">false</setting>
        <setting type="bool" name="skin.eminence.zeev.Connected">false</setting>
        <setting type="bool" name="skin.eminence.zeev.Connected2">false</setting>
        <setting type="bool" name="skin.eminence.zeev.Connected3">false</setting>
        <setting type="bool" name="skin.eminence.zeev.DialogSelectOpen">false</setting>
        <setting type="bool" name="skin.eminence.zeev.tvshowsep">false</setting>
        <setting type="bool" name="skin.eminence.zeev.musicsep">false</setting>
        <setting type="bool" name="skin.eminence.zeev.kidsep">false</setting>
        <setting type="bool" name="skin.eminence.zeev.kidseptip">false</setting>
        <setting type="bool" name="skin.eminence.zeev.myHTPT3">false</setting>
        <setting type="bool" name="skin.eminence.zeev.AllowDebug">false</setting>
        <setting type="bool" name="skin.eminence.zeev.RealDebrid">false</setting>
        <setting type="bool" name="skin.eminence.zeev.SdarotTV">false</setting>
        <setting type="bool" name="skin.eminence.zeev.VALIDATION">false</setting>
        <setting type="bool" name="skin.eminence.zeev.VALIDATION2">false</setting>
        <setting type="bool" name="skin.eminence.zeev.AutoShutdown">false</setting>
        <setting type="bool" name="skin.eminence.zeev.CustomGUI">false</setting>
        <setting type="bool" name="skin.eminence.zeev.Performance">false</setting>
        <setting type="bool" name="skin.eminence.zeev.ShowDialog">false</setting>
        <setting type="bool" name="skin.eminence.zeev.TotalMouse">false</setting>
        <setting type="bool" name="skin.eminence.zeev.CustomAS">false</setting>
        <setting type="bool" name="skin.eminence.zeev.CustomSources">false</setting>
        <setting type="bool" name="skin.eminence.zeev.CustomKeymaps">false</setting>
        <setting type="bool" name="skin.eminence.zeev.ID40">false</setting>
        <setting type="bool" name="skin.eminence.zeev.Trial">false</setting>
        <setting type="bool" name="skin.eminence.zeev.Account1_Active">false</setting>
        <setting type="bool" name="skin.eminence.zeev.Account2_Active">false</setting>
        <setting type="bool" name="skin.eminence.zeev.Account3_Active">false</setting>
        <setting type="bool" name="skin.eminence.zeev.Account4_Active">false</setting>
        <setting type="bool" name="skin.eminence.zeev.Account5_Active">false</setting>
        <setting type="bool" name="skin.eminence.zeev.Account6_Active">false</setting>
        <setting type="bool" name="skin.eminence.zeev.Account7_Active">false</setting>
        <setting type="bool" name="skin.eminence.zeev.Account8_Active">false</setting>
        <setting type="bool" name="skin.eminence.zeev.Account9_Active">false</setting>
        <setting type="bool" name="skin.eminence.zeev.Account10_Active">false</setting>
        <setting type="bool" name="skin.eminence.zeev.SmartShortcuts.emby">false</setting>
        <setting type="bool" name="skin.eminence.zeev.SmartShortcuts.playlists">false</setting>
        <setting type="bool" name="skin.eminence.zeev.SmartShortcuts.favorites">false</setting>
        <setting type="bool" name="skin.eminence.zeev.SmartShortcuts.plex">false</setting>
        <setting type="bool" name="skin.eminence.zeev.SmartShortcuts.netflix">false</setting>
        <setting type="bool" name="skin.eminence.zeev.EnableNextAiredNotifications">false</setting>
        <setting type="bool" name="skin.eminence.zeev.video.clearartosd">false</setting>
        <setting type="bool" name="skin.eminence.zeev.header.colormatch">false</setting>
        <setting type="bool" name="skin.eminence.zeev.disable.clockheader">false</setting>
        <setting type="bool" name="skin.eminence.zeev.UpdateArt.Enabled">true</setting>
        <setting type="bool" name="skin.eminence.zeev.SkinHelper.ForcedViews.Enabled">true</setting>
        <setting type="bool" name="skin.eminence.zeev.SkinHelper.EnableDayNightThemes">false</setting>
        <setting type="bool" name="skin.eminence.zeev.skinshortcuts-background-C:\Users\ZEEV\AppData\Roaming\Kodi\addons\skin.eminence.zeev\extras\icons\NEW_BG\movies\moviesbg.jpg">true</setting>
        <setting type="bool" name="skin.eminence.zeev.skinshortcuts-background-C:\Users\ZEEV\AppData\Roaming\Kodi\addons\skin.eminence.zeev\extras\icons\NEW_BG\tvshows\tvshowsbg.jpg">true</setting>
        <setting type="bool" name="skin.eminence.zeev.skinshortcuts-background-C:\Users\ZEEV\AppData\Roaming\Kodi\addons\skin.eminence.zeev\extras\icons\NEW_BG\music-category\Music.jpg">true</setting>
        <setting type="bool" name="skin.eminence.zeev.skinshortcuts-background-C:\Users\ZEEV\AppData\Roaming\Kodi\addons\skin.eminence.zeev\extras\icons\NEW_BG\tv\tvbg.jpg">true</setting>
        <setting type="bool" name="skin.eminence.zeev.skinshortcuts-background-C:\Users\ZEEV\AppData\Roaming\Kodi\addons\skin.eminence.zeev\extras\icons\NEW_BG\yeldudes\Kids.jpg">true</setting>
        <setting type="bool" name="skin.eminence.zeev.skinshortcuts-background-C:\Users\ZEEV\AppData\Roaming\Kodi\addons\skin.eminence.zeev\extras\icons\NEW_BG\vod\vod.jpg">true</setting>
        <setting type="bool" name="skin.eminence.zeev.skinshortcuts-background-C:\Users\ZEEV\AppData\Roaming\Kodi\addons\skin.eminence.zeev\extras\icons\NEW_BG\search\search.jpg">true</setting>
        <setting type="bool" name="skin.eminence.zeev.skinshortcuts-background-C:\Users\ZEEV\AppData\Roaming\Kodi\addons\skin.eminence.zeev\extras\icons\NEW_BG\settings\settingbg.jpg">true</setting>
        <setting type="bool" name="skin.eminence.zeev.skinshortcuts-background-C:\Users\ZEEV\AppData\Roaming\Kodi\addons\skin.eminence.zeev\extras\icons\NEW_BG\off\offbg.jpg">true</setting>
        <setting type="bool" name="skin.eminence.zeev.skinshortcuts-background-C:\Users\ZEEV\AppData\Roaming\Kodi\addons\skin.eminence.zeev\extras\icons\NEW_BG\addon\addonbg.jpg">true</setting>
        <setting type="bool" name="skin.eminence.zeev.skinshortcuts-background-C:\Users\ZEEV\Desktop\סקין תמונות\Untitled.jpg">true</setting>
        <setting type="bool" name="skin.eminence.zeev.skinshortcuts-background-special://profile/addon_data/script.skinshortcuts/skin.eminence.zeev-background-5498233.jpg">true</setting>
        <setting type="bool" name="skin.eminence.zeev.skinshortcuts-background-C:\Users\ZEEV\AppData\Roaming\Kodi\addons\skin.eminence.zeev\extras\icons\NEW_BG\sport2\sport.jpg">true</setting>
        <setting type="bool" name="skin.eminence.zeev.skinshortcuts-background-special://skin/extras/icons/NEW_BG/addon/addonbg.jpg">true</setting>
        <setting type="bool" name="skin.eminence.zeev.skinshortcuts-background-special://profile/addon_data/script.skinshortcuts/skin.eminence.zeev-background-20342.jpg">true</setting>
        <setting type="bool" name="skin.eminence.zeev.skinshortcuts-background-special://profile/addon_data/script.skinshortcuts/skin.eminence.zeev-background-tvshows.jpg">true</setting>
        <setting type="bool" name="skin.eminence.zeev.skinshortcuts-background-special://profile/addon_data/script.skinshortcuts/skin.eminence.zeev-background-2.jpg">true</setting>
        <setting type="bool" name="skin.eminence.zeev.skinshortcuts-background-special://profile/addon_data/script.skinshortcuts/skin.eminence.zeev-background-31343584.jpg">true</setting>
        <setting type="bool" name="skin.eminence.zeev.skinshortcuts-background-special://profile/addon_data/script.skinshortcuts/skin.eminence.zeev-background-31313.jpg">true</setting>
        <setting type="bool" name="skin.eminence.zeev.skinshortcuts-background-special://profile/addon_data/script.skinshortcuts/skin.eminence.zeev-background-31314.jpg">true</setting>
        <setting type="bool" name="skin.eminence.zeev.skinshortcuts-background-special://profile/addon_data/script.skinshortcuts/skin.eminence.zeev-background-1037.jpg">true</setting>
        <setting type="bool" name="skin.eminence.zeev.skinshortcuts-background-special://profile/addon_data/script.skinshortcuts/skin.eminence.zeev-background-script.globalsearch.jpg">true</setting>
        <setting type="bool" name="skin.eminence.zeev.skinshortcuts-background-special://profile/addon_data/script.skinshortcuts/skin.eminence.zeev-background-settings.jpg">true</setting>
        <setting type="bool" name="skin.eminence.zeev.skinshortcuts-background-special://profile/addon_data/script.skinshortcuts/skin.eminence.zeev-background-33060.jpg">true</setting>
        <setting type="bool" name="skin.eminence.zeev.SkinHelper.View.Disabled.50">false</setting>
        <setting type="bool" name="skin.eminence.zeev.SkinHelper.View.Disabled.51">false</setting>
        <setting type="bool" name="skin.eminence.zeev.SkinHelper.View.Disabled.500">false</setting>
        <setting type="bool" name="skin.eminence.zeev.SkinHelper.View.Disabled.53">false</setting>
        <setting type="bool" name="skin.eminence.zeev.SkinHelper.View.Disabled.54">false</setting>
        <setting type="bool" name="skin.eminence.zeev.SkinHelper.View.Disabled.55">false</setting>
        <setting type="bool" name="skin.eminence.zeev.SkinHelper.View.Disabled.56">false</setting>
        <setting type="bool" name="skin.eminence.zeev.SkinHelper.View.Disabled.57">false</setting>
        <setting type="bool" name="skin.eminence.zeev.SkinHelper.View.Disabled.58">false</setting>
        <setting type="bool" name="skin.eminence.zeev.SkinHelper.View.Disabled.59">false</setting>
        <setting type="bool" name="skin.eminence.zeev.skinshortcuts-background-special://skin/extras/icons/NEW_BG/favorites/favobg.jpg">true</setting>
        <setting type="bool" name="skin.eminence.zeev.skinshortcuts-background-special://skin/extras/icons/NEW_BG/softwares/softbg.jpg">true</setting>
        <setting type="bool" name="skin.eminence.zeev.skinshortcuts-background-special://skin/extras/icons/NEW_BG/youtube/youtubebg.jpg">true</setting>
        <setting type="bool" name="skin.eminence.zeev.home.autopop">false</setting>
        <setting type="bool" name="skin.eminence.zeev.AutoView">false</setting>
        <setting type="bool" name="skin.eminence.zeev.LibraryData_AutoUpdate">false</setting>
        <setting type="bool" name="skin.eminence.zeev.enable.smartish.widgets">false</setting>
        <setting type="bool" name="skin.eminence.zeev.Use_Startup_Playlist">false</setting>
        <setting type="bool" name="skin.eminence.zeev.UseCustomBackground">false</setting>
        <setting type="bool" name="skin.eminence.zeev.HideBackGroundFanart">false</setting>
        <setting type="bool" name="skin.eminence.zeev.ShowBackgroundVideo">false</setting>
        <setting type="bool" name="skin.eminence.zeev.ShowBackgroundVis">false</setting>
        <setting type="bool" name="skin.eminence.zeev.HomepageHideRecentlyAddedVideo">false</setting>
        <setting type="bool" name="skin.eminence.zeev.HomepageHideRecentlyAddedAlbums">false</setting>
        <setting type="bool" name="skin.eminence.zeev.homepageWeatherinfo">false</setting>
        <setting type="bool" name="skin.eminence.zeev.homepageMusicinfo">false</setting>
        <setting type="bool" name="skin.eminence.zeev.homepageVideoinfo">false</setting>
        <setting type="bool" name="skin.eminence.zeev.HomeMenuNoMovieButton">false</setting>
        <setting type="bool" name="skin.eminence.zeev.HomeMenuNoTVShowButton">false</setting>
        <setting type="bool" name="skin.eminence.zeev.HomeMenuNoWeatherButton">false</setting>
        <setting type="bool" name="skin.eminence.zeev.HomeMenuNoPicturesButton">false</setting>
        <setting type="bool" name="skin.eminence.zeev.HomeMenuNoVideosButton">false</setting>
        <setting type="bool" name="skin.eminence.zeev.HomeMenuNoMusicButton">false</setting>
        <setting type="bool" name="skin.eminence.zeev.HomeMenuNoProgramsButton">false</setting>
        <setting type="bool" name="skin.confluence.AutoView">false</setting>
        <setting type="bool" name="skin.confluence.LibraryData_AutoUpdate">false</setting>
        <setting type="bool" name="skin.confluence.SkinHelper.EnableDayNightThemes">false</setting>
        <setting type="bool" name="skin.confluence.enable.smartish.widgets">false</setting>
        <setting type="bool" name="skin.eminence.zeev.global.kioskmode">false</setting>
        <setting type="bool" name="skin.eminence.zeev.furniture.logo">false</setting>
        <setting type="bool" name="skin.eminence.zeev.SkinHelper.EnablePVRThumbs">false</setting>
        <setting type="string" name="skin.confluence.CustomBackgroundPath"></setting>
        <setting type="string" name="skin.confluence.HomeVideosButton1"></setting>
        <setting type="string" name="skin.confluence.HomeVideosButton2"></setting>
        <setting type="string" name="skin.confluence.HomeVideosButton3"></setting>
        <setting type="string" name="skin.confluence.HomeVideosButton4"></setting>
        <setting type="string" name="skin.confluence.HomeVideosButton5"></setting>
        <setting type="string" name="skin.confluence.HomeMusicButton1"></setting>
        <setting type="string" name="skin.confluence.HomeMusicButton2"></setting>
        <setting type="string" name="skin.confluence.HomeMusicButton3"></setting>
        <setting type="string" name="skin.confluence.HomeMusicButton4"></setting>
        <setting type="string" name="skin.confluence.HomeMusicButton5"></setting>
        <setting type="string" name="skin.confluence.HomePictureButton1"></setting>
        <setting type="string" name="skin.confluence.HomePictureButton2"></setting>
        <setting type="string" name="skin.confluence.HomePictureButton3"></setting>
        <setting type="string" name="skin.confluence.HomePictureButton4"></setting>
        <setting type="string" name="skin.confluence.HomePictureButton5"></setting>
        <setting type="string" name="skin.confluence.HomeProgramButton1"></setting>
        <setting type="string" name="skin.confluence.HomeProgramButton2"></setting>
        <setting type="string" name="skin.confluence.HomeProgramButton3"></setting>
        <setting type="string" name="skin.confluence.HomeProgramButton4"></setting>
        <setting type="string" name="skin.confluence.HomeProgramButton5"></setting>
        <setting type="string" name="skin.confluence.VALIDATION5"></setting>
        <setting type="string" name="skin.confluence.IRtype"></setting>
        <setting type="string" name="skin.confluence.ListItemTVShowTitle"></setting>
        <setting type="string" name="skin.confluence.ListItemGenre"></setting>
        <setting type="string" name="skin.confluence.ListItemDuration"></setting>
        <setting type="string" name="skin.confluence.ListItemRating"></setting>
        <setting type="string" name="skin.confluence.ListItemYear"></setting>
        <setting type="string" name="skin.confluence.MAC"></setting>
        <setting type="string" name="skin.confluence.MAC1"></setting>
        <setting type="string" name="skin.confluence.MAC2"></setting>
        <setting type="string" name="skin.confluence.MAC3"></setting>
        <setting type="string" name="skin.confluence.MessagesCustom"></setting>
        <setting type="string" name="skin.confluence.LibraryData_RemoteDate"></setting>
        <setting type="string" name="skin.confluence.LibraryData_LocalDate"></setting>
        <setting type="string" name="skin.confluence.moviesestartup"></setting>
        <setting type="string" name="skin.confluence.MusicLink"></setting>
        <setting type="string" name="skin.confluence.Ping_Now"></setting>
        <setting type="string" name="skin.confluence.Ping_Rate"></setting>
        <setting type="string" name="skin.confluence.SettingsLevel"></setting>
        <setting type="string" name="skin.confluence.tvshowsestartup"></setting>
        <setting type="string" name="skin.confluence.VarCurrentPicVidPath"></setting>
        <setting type="string" name="skin.confluence.USB1"></setting>
        <setting type="string" name="skin.confluence.USB2"></setting>
        <setting type="string" name="skin.confluence.USB3"></setting>
        <setting type="string" name="skin.confluence.USB4"></setting>
        <setting type="string" name="skin.confluence.USB5"></setting>
        <setting type="string" name="skin.confluence.OverClockLevel"></setting>
        <setting type="string" name="skin.confluence.Country"></setting>
        <setting type="string" name="skin.confluence.Skin_Name"></setting>
        <setting type="string" name="skin.confluence.User_ID"></setting>
        <setting type="string" name="skin.confluence.ID1"></setting>
        <setting type="string" name="skin.confluence.ID2"></setting>
        <setting type="string" name="skin.confluence.ID3"></setting>
        <setting type="string" name="skin.confluence.ID4"></setting>
        <setting type="string" name="skin.confluence.ID5"></setting>
        <setting type="string" name="skin.confluence.ID6"></setting>
        <setting type="string" name="skin.confluence.ID7"></setting>
        <setting type="string" name="skin.confluence.ID8"></setting>
        <setting type="string" name="skin.confluence.ID9"></setting>
        <setting type="string" name="skin.confluence.ID10"></setting>
        <setting type="string" name="skin.confluence.ID11"></setting>
        <setting type="string" name="skin.confluence.ID12"></setting>
        <setting type="string" name="skin.confluence.ID60"></setting>
        <setting type="string" name="skin.confluence.TrialDate"></setting>
        <setting type="string" name="skin.confluence.TrialDate2"></setting>
        <setting type="string" name="skin.confluence.Account1_Period"></setting>
        <setting type="string" name="skin.confluence.Account1_EndDate"></setting>
        <setting type="string" name="skin.confluence.Account2_Period"></setting>
        <setting type="string" name="skin.confluence.Account2_EndDate"></setting>
        <setting type="string" name="skin.confluence.Account3_Period"></setting>
        <setting type="string" name="skin.confluence.Account3_EndDate"></setting>
        <setting type="string" name="skin.confluence.Account4_Period"></setting>
        <setting type="string" name="skin.confluence.Account4_EndDate"></setting>
        <setting type="string" name="skin.confluence.Account5_Period"></setting>
        <setting type="string" name="skin.confluence.Account5_EndDate"></setting>
        <setting type="string" name="skin.confluence.Account6_Period"></setting>
        <setting type="string" name="skin.confluence.Account6_EndDate"></setting>
        <setting type="string" name="skin.confluence.Account7_Period"></setting>
        <setting type="string" name="skin.confluence.Account7_EndDate"></setting>
        <setting type="string" name="skin.confluence.Account8_Period"></setting>
        <setting type="string" name="skin.confluence.Account8_EndDate"></setting>
        <setting type="string" name="skin.confluence.Account9_Period"></setting>
        <setting type="string" name="skin.confluence.Account9_EndDate"></setting>
        <setting type="string" name="skin.confluence.Account10_Period"></setting>
        <setting type="string" name="skin.confluence.Account10_EndDate"></setting>
        <setting type="string" name="skin.confluence.SkinHelper.PicturesBackgroundPath"></setting>
        <setting type="string" name="skin.confluence.SkinHelper.ForcedViews.programs"></setting>
        <setting type="string" name="skin.confluence.SkinHelper.CustomPicturesBackgroundPath"></setting>
        <setting type="string" name="skin.confluence.SkinHelper.RandomFanartDelay"></setting>
        <setting type="string" name="skin.confluence.SkinHelper.CustomStudioImagesPath"></setting>
        <setting type="string" name="skin.eminence.zeev.HighlightColor4">ff287ba8</setting>
        <setting type="string" name="skin.eminence.zeev.HighlightColor3">ff287ba8</setting>
        <setting type="string" name="skin.eminence.zeev.HighlightColor"></setting>
        <setting type="string" name="skin.eminence.zeev.HighlightColor6"></setting>
        <setting type="string" name="skin.eminence.zeev.home.style">ברירת מחדל</setting>
        <setting type="string" name="skin.eminence.zeev.HighlightColor2"></setting>
        <setting type="string" name="skin.eminence.zeev.SkinHelper.SpinnerTexturePath">special://skin/extras/busy_spinners/3.gif</setting>
        <setting type="string" name="skin.eminence.zeev.home.headertext"></setting>
        <setting type="string" name="skin.eminence.zeev.global.widget.path"></setting>
        <setting type="string" name="skin.eminence.zeev.weather.fanart"></setting>
        <setting type="string" name="skin.eminence.zeev.global.background2"></setting>
        <setting type="string" name="skin.eminence.zeev.home.fanart"></setting>
        <setting type="string" name="skin.eminence.zeev.global.background"></setting>
        <setting type="string" name="skin.eminence.zeev.global.widget.path.type"></setting>
        <setting type="string" name="skin.eminence.zeev.HighlightColor9"></setting>
        <setting type="string" name="skin.eminence.zeev.SkinHelper.RandomFanartDelay">30</setting>
        <setting type="string" name="skin.eminence.zeev.SkinHelper.ForcedViews.programs"></setting>
        <setting type="string" name="skin.eminence.zeev.home.widgetposters">מוסתר</setting>
        <setting type="string" name="skin.eminence.zeev.weather.fanart.path"></setting>
        <setting type="string" name="skin.eminence.zeev.home.fallbackwidget">plugin://script.skin.helper.service/?action=recommendedmovies&amp;limit=20&amp;reload=$INFO[Window(Home).Property(widgetreload)]</setting>
        <setting type="string" name="skin.eminence.zeev.background.fallback"></setting>
        <setting type="string" name="skin.eminence.zeev.home.fallbackwidget.name">סרטים מומלצים</setting>
        <setting type="string" name="skin.eminence.zeev.Iconcolor"></setting>
        <setting type="string" name="skin.eminence.zeev.HighlightColor7"></setting>
        <setting type="string" name="skin.eminence.zeev.HighlightColor8"></setting>
        <setting type="string" name="skin.eminence.zeev.home.headericon"></setting>
        <setting type="string" name="skin.eminence.zeev.Widget.1101"></setting>
        <setting type="string" name="skin.eminence.zeev.Widget.1102"></setting>
        <setting type="string" name="skin.eminence.zeev.Widget.1103"></setting>
        <setting type="string" name="skin.eminence.zeev.Widget.1104"></setting>
        <setting type="string" name="skin.eminence.zeev.Widget.1105"></setting>
        <setting type="string" name="skin.eminence.zeev.Widget.1106"></setting>
        <setting type="string" name="skin.eminence.zeev.Widget.1107"></setting>
        <setting type="string" name="skin.eminence.zeev.Widget.1108"></setting>
        <setting type="string" name="skin.eminence.zeev.Widget.1109"></setting>
        <setting type="string" name="skin.eminence.zeev.Widget_Position"></setting>
        <setting type="string" name="skin.eminence.zeev.Widget_Favourite.Path"></setting>
        <setting type="string" name="skin.eminence.zeev.StartupPlaylist"></setting>
        <setting type="string" name="skin.eminence.zeev.home.301.bgcolor">ff555555</setting>
        <setting type="string" name="skin.eminence.zeev.home.301.icon">special://skin/extras/icons/film.png</setting>
        <setting type="string" name="skin.eminence.zeev.home.301.path">ActivateWindow(3201)</setting>
        <setting type="string" name="skin.eminence.zeev.home.301.label">סרטים</setting>
        <setting type="string" name="skin.eminence.zeev.home.302.bgcolor">ff555555</setting>
        <setting type="string" name="skin.eminence.zeev.home.302.icon">special://skin/extras/icons/tv.png</setting>
        <setting type="string" name="skin.eminence.zeev.home.302.path">ActivateWindow(3202)</setting>
        <setting type="string" name="skin.eminence.zeev.home.302.label">סדרות</setting>
        <setting type="string" name="skin.eminence.zeev.home.303.bgcolor">ff555555</setting>
        <setting type="string" name="skin.eminence.zeev.home.303.icon">special://skin/extras/icons/songs.png</setting>
        <setting type="string" name="skin.eminence.zeev.home.303.path">ActivateWindow(3203)</setting>
        <setting type="string" name="skin.eminence.zeev.home.303.label">מוזיקה</setting>
        <setting type="string" name="skin.eminence.zeev.home.304.bgcolor">ff555555</setting>
        <setting type="string" name="skin.eminence.zeev.home.304.icon">special://skin/extras/icons/livetv.png</setting>
        <setting type="string" name="skin.eminence.zeev.home.304.path">ActivateWindow(3204)</setting>
        <setting type="string" name="skin.eminence.zeev.home.304.label">טלוויזיה</setting>
        <setting type="string" name="skin.eminence.zeev.home.305.bgcolor">ff555555</setting>
        <setting type="string" name="skin.eminence.zeev.home.305.icon">special://skin/extras/icons/pictures.png</setting>
        <setting type="string" name="skin.eminence.zeev.home.305.path">ActivateWindow(Pictures)</setting>
        <setting type="string" name="skin.eminence.zeev.home.305.label">תמונות</setting>
        <setting type="string" name="skin.eminence.zeev.home.306.bgcolor">ff555555</setting>
        <setting type="string" name="skin.eminence.zeev.home.306.icon">special://skin/extras/icons/addons.png</setting>
        <setting type="string" name="skin.eminence.zeev.home.306.path">ActivateWindow(Programs)</setting>
        <setting type="string" name="skin.eminence.zeev.home.306.label">תוכנות</setting>
        <setting type="string" name="skin.eminence.zeev.home.307.bgcolor">ff555555</setting>
        <setting type="string" name="skin.eminence.zeev.home.307.icon">special://skin/extras/icons/sun.png</setting>
        <setting type="string" name="skin.eminence.zeev.home.307.path">ActivateWindow(Weather)</setting>
        <setting type="string" name="skin.eminence.zeev.home.307.label">מזג אוויר</setting>
        <setting type="string" name="skin.eminence.zeev.home.308.bgcolor">ff555555</setting>
        <setting type="string" name="skin.eminence.zeev.home.308.icon">special://skin/extras/icons/search.png</setting>
        <setting type="string" name="skin.eminence.zeev.home.308.path">RunScript(script.globalsearch)</setting>
        <setting type="string" name="skin.eminence.zeev.home.308.label">חיפוש</setting>
        <setting type="string" name="skin.eminence.zeev.home.309.bgcolor">ff555555</setting>
        <setting type="string" name="skin.eminence.zeev.home.309.icon">special://skin/extras/icons/youtube.png</setting>
        <setting type="string" name="skin.eminence.zeev.home.309.path">ActivateWindow(10025,&quot;plugin://plugin.video.youtube/&quot;,return)</setting>
        <setting type="string" name="skin.eminence.zeev.home.309.label">Youtube</setting>
        <setting type="string" name="skin.eminence.zeev.home.310.bgcolor">ff555555</setting>
        <setting type="string" name="skin.eminence.zeev.home.310.icon">special://skin/extras/icons/video-addons.png</setting>
        <setting type="string" name="skin.eminence.zeev.home.310.path">ActivateWindow(Videos,addons://sources/video/,return)</setting>
        <setting type="string" name="skin.eminence.zeev.home.310.label">הרחבות</setting>
        <setting type="string" name="skin.eminence.zeev.home.311.bgcolor">ff555555</setting>
        <setting type="string" name="skin.eminence.zeev.home.311.icon">special://skin/extras/icons/database.png</setting>
        <setting type="string" name="skin.eminence.zeev.home.311.path">ActivateWindow(3)</setting>
        <setting type="string" name="skin.eminence.zeev.home.311.label">קבצים</setting>
        <setting type="string" name="skin.eminence.zeev.home.313.bgcolor">ff555555</setting>
        <setting type="string" name="skin.eminence.zeev.home.313.icon">special://skin/extras/icons/settings.png</setting>
        <setting type="string" name="skin.eminence.zeev.home.313.path">ActivateWindow(settings)</setting>
        <setting type="string" name="skin.eminence.zeev.home.313.label">הגדרות</setting>
        <setting type="string" name="skin.eminence.zeev.home.314.bgcolor">ff752555</setting>
        <setting type="string" name="skin.eminence.zeev.home.314.icon">special://skin/extras/icons/power.png</setting>
        <setting type="string" name="skin.eminence.zeev.home.314.path">ActivateWindow(shutdownmenu)</setting>
        <setting type="string" name="skin.eminence.zeev.home.314.label">הפעלה</setting>
        <setting type="string" name="skin.eminence.zeev.home.320.bgcolor">ff555555</setting>
        <setting type="string" name="skin.eminence.zeev.home.321.bgcolor">ff555555</setting>
        <setting type="string" name="skin.eminence.zeev.home.322.bgcolor">ff555555</setting>
        <setting type="string" name="skin.eminence.zeev.home.323.bgcolor">ff555555</setting>
        <setting type="string" name="skin.eminence.zeev.home.324.bgcolor">ff555555</setting>
        <setting type="string" name="skin.eminence.zeev.home.325.bgcolor">ff555555</setting>
        <setting type="string" name="skin.eminence.zeev.home.326.bgcolor">ff555555</setting>
        <setting type="string" name="skin.eminence.zeev.home.327.bgcolor">ff555555</setting>
        <setting type="string" name="skin.eminence.zeev.home.328.bgcolor">ff555555</setting>
        <setting type="string" name="skin.eminence.zeev.home.329.bgcolor">ff555555</setting>
        <setting type="string" name="skin.eminence.zeev.moviehub.1.Label">כל הסרטים</setting>
        <setting type="string" name="skin.eminence.zeev.moviehub.1.Icon">special://skin/extras/icons/title.png</setting>
        <setting type="string" name="skin.eminence.zeev.moviehub.1.Path">ActivateWindow(Videos,MovieTitles,return)</setting>
        <setting type="string" name="skin.eminence.zeev.moviehub.2.Label">נוסף לאחרונה</setting>
        <setting type="string" name="skin.eminence.zeev.moviehub.2.Icon">special://skin/extras/icons/timer.png</setting>
        <setting type="string" name="skin.eminence.zeev.moviehub.2.Path">ActivateWindow(Videos,RecentlyAddedMovies,return)</setting>
        <setting type="string" name="skin.eminence.zeev.moviehub.3.Label">חיפוש</setting>
        <setting type="string" name="skin.eminence.zeev.moviehub.3.Icon">special://skin/extras/icons/search.png</setting>
        <setting type="string" name="skin.eminence.zeev.moviehub.3.Path">RunScript(script.globalsearch,tvshows=true&amp;episodes=true&amp;movies=true)</setting>
        <setting type="string" name="skin.eminence.zeev.moviehub.4.Label">סגנונות</setting>
        <setting type="string" name="skin.eminence.zeev.moviehub.4.Icon">special://skin/extras/icons/genre.png</setting>
        <setting type="string" name="skin.eminence.zeev.moviehub.4.Path">ActivateWindow(Videos,MovieGenres,return)</setting>
        <setting type="string" name="skin.eminence.zeev.moviehub.5.Label">רשימות ניגון</setting>
        <setting type="string" name="skin.eminence.zeev.moviehub.5.Icon">special://skin/extras/icons/playlist.png</setting>
        <setting type="string" name="skin.eminence.zeev.moviehub.5.Path">ActivateWindow(videos,special://videoplaylists/,return)</setting>
        <setting type="string" name="skin.eminence.zeev.moviehub.6.Label">קבצים</setting>
        <setting type="string" name="skin.eminence.zeev.moviehub.6.Icon">special://skin/extras/icons/files.png</setting>
        <setting type="string" name="skin.eminence.zeev.moviehub.6.Path">ActivateWindow(Videos,Files,return)</setting>
        <setting type="string" name="skin.eminence.zeev.moviehub.7.Label">עדכון ספריה</setting>
        <setting type="string" name="skin.eminence.zeev.moviehub.7.Icon">special://skin/extras/icons/update.png</setting>
        <setting type="string" name="skin.eminence.zeev.moviehub.7.Path">UpdateLibrary(video)</setting>
        <setting type="string" name="skin.eminence.zeev.tvshowhub.1.Label">כל הסדרות</setting>
        <setting type="string" name="skin.eminence.zeev.tvshowhub.1.Icon">special://skin/extras/icons/title.png</setting>
        <setting type="string" name="skin.eminence.zeev.tvshowhub.1.Path">ActivateWindow(Videos,TvShowTitles,return)</setting>
        <setting type="string" name="skin.eminence.zeev.tvshowhub.2.Label">נוסף לאחרונה</setting>
        <setting type="string" name="skin.eminence.zeev.tvshowhub.2.Icon">special://skin/extras/icons/timer.png</setting>
        <setting type="string" name="skin.eminence.zeev.tvshowhub.2.Path">ActivateWindow(Videos,RecentlyAddedEpisodes,return)</setting>
        <setting type="string" name="skin.eminence.zeev.tvshowhub.3.Label">חיפוש</setting>
        <setting type="string" name="skin.eminence.zeev.tvshowhub.3.Icon">special://skin/extras/icons/search.png</setting>
        <setting type="string" name="skin.eminence.zeev.tvshowhub.3.Path">RunScript(script.globalsearch,tvshows=true&amp;episodes=true&amp;movies=true)</setting>
        <setting type="string" name="skin.eminence.zeev.tvshowhub.4.Label">סגנונות</setting>
        <setting type="string" name="skin.eminence.zeev.tvshowhub.4.Icon">special://skin/extras/icons/genre.png</setting>
        <setting type="string" name="skin.eminence.zeev.tvshowhub.4.Path">ActivateWindow(Videos,TvShowGenres,return)</setting>
        <setting type="string" name="skin.eminence.zeev.tvshowhub.5.Label">רשימות ניגון</setting>
        <setting type="string" name="skin.eminence.zeev.tvshowhub.5.Icon">special://skin/extras/icons/playlist.png</setting>
        <setting type="string" name="skin.eminence.zeev.tvshowhub.5.Path">ActivateWindow(videos,special://videoplaylists/,return)</setting>
        <setting type="string" name="skin.eminence.zeev.tvshowhub.6.Label">קבצים</setting>
        <setting type="string" name="skin.eminence.zeev.tvshowhub.6.Icon">special://skin/extras/icons/files.png</setting>
        <setting type="string" name="skin.eminence.zeev.tvshowhub.6.Path">ActivateWindow(Videos,Files,return)</setting>
        <setting type="string" name="skin.eminence.zeev.tvshowhub.7.Label">עדכון ספריה</setting>
        <setting type="string" name="skin.eminence.zeev.tvshowhub.7.Icon">special://skin/extras/icons/update.png</setting>
        <setting type="string" name="skin.eminence.zeev.tvshowhub.7.Path">UpdateLibrary(video)</setting>
        <setting type="string" name="skin.eminence.zeev.musichub.1.Label">אמנים</setting>
        <setting type="string" name="skin.eminence.zeev.musichub.1.Icon">special://skin/extras/icons/artist.png</setting>
        <setting type="string" name="skin.eminence.zeev.musichub.1.Path">ActivateWindow(MusicLibrary,Artists,return)</setting>
        <setting type="string" name="skin.eminence.zeev.musichub.2.Label">אלבומים</setting>
        <setting type="string" name="skin.eminence.zeev.musichub.2.Icon">special://skin/extras/icons/songs.png</setting>
        <setting type="string" name="skin.eminence.zeev.musichub.2.Path">ActivateWindow(MusicLibrary,Albums,return)</setting>
        <setting type="string" name="skin.eminence.zeev.musichub.3.Label">חיפוש</setting>
        <setting type="string" name="skin.eminence.zeev.musichub.3.Icon">special://skin/extras/icons/search.png</setting>
        <setting type="string" name="skin.eminence.zeev.musichub.3.Path">RunScript(script.globalsearch,albums=true&amp;artists=true&amp;songs=true)</setting>
        <setting type="string" name="skin.eminence.zeev.SkinHelper.PicturesBackgroundPath"></setting>
        <setting type="string" name="skin.eminence.zeev.musichub.4.Label">מאה האלבומים הגדולים</setting>
        <setting type="string" name="skin.eminence.zeev.musichub.4.Icon">special://skin/extras/icons/top100.png</setting>
        <setting type="string" name="skin.eminence.zeev.musichub.4.Path">ActivateWindow(MusicLibrary,Top100Albums,return)</setting>
        <setting type="string" name="skin.eminence.zeev.musichub.5.Label">רשימות ניגון</setting>
        <setting type="string" name="skin.eminence.zeev.musichub.5.Icon">special://skin/extras/icons/playlist.png</setting>
        <setting type="string" name="skin.eminence.zeev.musichub.5.Path">ActivateWindow(MusicLibrary,Playlists,return)</setting>
        <setting type="string" name="skin.eminence.zeev.musichub.6.Label">קבצים</setting>
        <setting type="string" name="skin.eminence.zeev.musichub.6.Icon">special://skin/extras/icons/files.png</setting>
        <setting type="string" name="skin.eminence.zeev.musichub.6.Path">ActivateWindow(MusicFiles)</setting>
        <setting type="string" name="skin.eminence.zeev.musichub.7.Label">עדכון ספריה</setting>
        <setting type="string" name="skin.eminence.zeev.VALIDATION5"></setting>
        <setting type="string" name="skin.eminence.zeev.IRtype"></setting>
        <setting type="string" name="skin.eminence.zeev.ListItemTVShowTitle"></setting>
        <setting type="string" name="skin.eminence.zeev.ListItemGenre"></setting>
        <setting type="string" name="skin.eminence.zeev.ListItemDuration"></setting>
        <setting type="string" name="skin.eminence.zeev.ListItemRating"></setting>
        <setting type="string" name="skin.eminence.zeev.ListItemYear"></setting>
        <setting type="string" name="skin.eminence.zeev.MAC"></setting>
        <setting type="string" name="skin.eminence.zeev.MAC1"></setting>
        <setting type="string" name="skin.eminence.zeev.MAC2"></setting>
        <setting type="string" name="skin.eminence.zeev.MAC3"></setting>
        <setting type="string" name="skin.eminence.zeev.MessagesCustom"></setting>
        <setting type="string" name="skin.eminence.zeev.LibraryData_RemoteDate"></setting>
        <setting type="string" name="skin.eminence.zeev.LibraryData_LocalDate"></setting>
        <setting type="string" name="skin.eminence.zeev.moviesestartup"></setting>
        <setting type="string" name="skin.eminence.zeev.MusicLink"></setting>
        <setting type="string" name="skin.eminence.zeev.Ping_Now"></setting>
        <setting type="string" name="skin.eminence.zeev.Ping_Rate"></setting>
        <setting type="string" name="skin.eminence.zeev.SettingsLevel"></setting>
        <setting type="string" name="skin.eminence.zeev.tvshowsestartup"></setting>
        <setting type="string" name="skin.eminence.zeev.VarCurrentPicVidPath"></setting>
        <setting type="string" name="skin.eminence.zeev.USB1"></setting>
        <setting type="string" name="skin.eminence.zeev.USB2"></setting>
        <setting type="string" name="skin.eminence.zeev.USB3"></setting>
        <setting type="string" name="skin.eminence.zeev.USB4"></setting>
        <setting type="string" name="skin.eminence.zeev.USB5"></setting>
        <setting type="string" name="skin.eminence.zeev.OverClockLevel"></setting>
        <setting type="string" name="skin.eminence.zeev.Country"></setting>
        <setting type="string" name="skin.eminence.zeev.Skin_Name"></setting>
        <setting type="string" name="skin.eminence.zeev.User_ID"></setting>
        <setting type="string" name="skin.eminence.zeev.ID1"></setting>
        <setting type="string" name="skin.eminence.zeev.ID2"></setting>
        <setting type="string" name="skin.eminence.zeev.ID3"></setting>
        <setting type="string" name="skin.eminence.zeev.ID4"></setting>
        <setting type="string" name="skin.eminence.zeev.ID5"></setting>
        <setting type="string" name="skin.eminence.zeev.ID6"></setting>
        <setting type="string" name="skin.eminence.zeev.ID7"></setting>
        <setting type="string" name="skin.eminence.zeev.ID8"></setting>
        <setting type="string" name="skin.eminence.zeev.ID9"></setting>
        <setting type="string" name="skin.eminence.zeev.ID10"></setting>
        <setting type="string" name="skin.eminence.zeev.ID11"></setting>
        <setting type="string" name="skin.eminence.zeev.ID12"></setting>
        <setting type="string" name="skin.eminence.zeev.ID60"></setting>
        <setting type="string" name="skin.eminence.zeev.TrialDate"></setting>
        <setting type="string" name="skin.eminence.zeev.TrialDate2"></setting>
        <setting type="string" name="skin.eminence.zeev.Account1_Period"></setting>
        <setting type="string" name="skin.eminence.zeev.Account1_EndDate"></setting>
        <setting type="string" name="skin.eminence.zeev.Account2_Period"></setting>
        <setting type="string" name="skin.eminence.zeev.Account2_EndDate"></setting>
        <setting type="string" name="skin.eminence.zeev.Account3_Period"></setting>
        <setting type="string" name="skin.eminence.zeev.Account3_EndDate"></setting>
        <setting type="string" name="skin.eminence.zeev.Account4_Period"></setting>
        <setting type="string" name="skin.eminence.zeev.Account4_EndDate"></setting>
        <setting type="string" name="skin.eminence.zeev.Account5_Period"></setting>
        <setting type="string" name="skin.eminence.zeev.Account5_EndDate"></setting>
        <setting type="string" name="skin.eminence.zeev.Account6_Period"></setting>
        <setting type="string" name="skin.eminence.zeev.Account6_EndDate"></setting>
        <setting type="string" name="skin.eminence.zeev.Account7_Period"></setting>
        <setting type="string" name="skin.eminence.zeev.Account7_EndDate"></setting>
        <setting type="string" name="skin.eminence.zeev.Account8_Period"></setting>
        <setting type="string" name="skin.eminence.zeev.Account8_EndDate"></setting>
        <setting type="string" name="skin.eminence.zeev.Account9_Period"></setting>
        <setting type="string" name="skin.eminence.zeev.Account9_EndDate"></setting>
        <setting type="string" name="skin.eminence.zeev.Account10_Period"></setting>
        <setting type="string" name="skin.eminence.zeev.Account10_EndDate"></setting>
        <setting type="string" name="skin.eminence.zeev.musichub.7.Icon">special://skin/extras/icons/update.png</setting>
        <setting type="string" name="skin.eminence.zeev.musichub.7.Path">UpdateLibrary(music)</setting>
        <setting type="string" name="skin.eminence.zeev.SkinHelper.CustomPicturesBackgroundPath"></setting>
        <setting type="string" name="skin.eminence.zeev.SkinHelper.CustomStudioImagesPath"></setting>
        <setting type="string" name="skin.eminence.zeev.HighlightColor5">ff287ba8</setting>
        <setting type="string" name="skin.eminence.zeev.SkinHelper.ForcedViews.movies">59</setting>
        <setting type="string" name="skin.eminence.zeev.SkinHelper.ForcedViews.tvshows">59</setting>
        <setting type="string" name="skin.eminence.zeev.SkinHelper.ForcedViews.seasons">59</setting>
        <setting type="string" name="skin.eminence.zeev.SkinHelper.ForcedViews.episodes">59</setting>
        <setting type="string" name="skin.eminence.zeev.SkinHelper.ForcedViews.sets">59</setting>
        <setting type="string" name="skin.eminence.zeev.SkinHelper.ForcedViews.setmovies">59</setting>
        <setting type="string" name="skin.eminence.zeev.weather.useicons">Confluence</setting>
        <setting type="string" name="skin.eminence.zeev.HighlightColor6.name">ffa8283b</setting>
        <setting type="string" name="skin.eminence.zeev.HighlightColor6.base">ffa8283b</setting>
        <setting type="string" name="skin.eminence.zeev.HighlightColor7.name">ff5528a8</setting>
        <setting type="string" name="skin.eminence.zeev.HighlightColor7.base">ff5528a8</setting>
        <setting type="string" name="skin.eminence.zeev.HighlightColor8.name">ff7ba828</setting>
        <setting type="string" name="skin.eminence.zeev.HighlightColor8.base">ff7ba828</setting>
        <setting type="string" name="skin.eminence.zeev.HighlightColor9.name">bf33b5e5</setting>
        <setting type="string" name="skin.eminence.zeev.HighlightColor9.base">ff33b5e5</setting>
        <setting type="string" name="skin.eminence.zeev.color_picker">Iconcolor</setting>
        <setting type="string" name="skin.eminence.zeev.SkinHelper.ForcedViews."></setting>
        <setting type="string" name="skin.eminence.zeev.SkinHelper.ForcedViews.files"></setting>
        <setting type="string" name="skin.eminence.zeev.SkinHelper.SpinnerTexture">3</setting>
        <setting type="string" name="skin.eminence.zeev.custom_color">bfe533b5</setting>
        <setting type="string" name="skin.eminence.zeev.HighlightColor2.name">e2181818</setting>
        <setting type="string" name="skin.eminence.zeev.HighlightColor2.base">ff181818</setting>
        <setting type="string" name="skin.eminence.zeev.HighlightColor3.name">ff287ba8</setting>
        <setting type="string" name="skin.eminence.zeev.HighlightColor3.base">ff287ba8</setting>
        <setting type="string" name="skin.eminence.zeev.HighlightColor4.name">ff287ba8</setting>
        <setting type="string" name="skin.eminence.zeev.HighlightColor4.base">ff287ba8</setting>
        <setting type="string" name="skin.eminence.zeev.HighlightColor5.name">ff287ba8</setting>
        <setting type="string" name="skin.eminence.zeev.HighlightColor5.base">ff287ba8</setting>
        <setting type="string" name="skin.eminence.zeev.SkinHelper.ForcedViews.genres"></setting>
        <setting type="string" name="skin.eminence.zeev.SkinHelper.ShowInfoAtPlaybackStart"></setting>
        <setting type="string" name="skin.eminence.zeev.SkinHelper.AutoCloseVideoOSD"></setting>
        <setting type="string" name="skin.eminence.zeev.CustomBackgroundPath"></setting>
        <setting type="string" name="skin.eminence.zeev.HomeVideosButton1"></setting>
        <setting type="string" name="skin.eminence.zeev.HomeVideosButton2"></setting>
        <setting type="string" name="skin.eminence.zeev.HomeVideosButton3"></setting>
        <setting type="string" name="skin.eminence.zeev.HomeVideosButton4"></setting>
        <setting type="string" name="skin.eminence.zeev.HomeVideosButton5"></setting>
        <setting type="string" name="skin.eminence.zeev.HomeMusicButton1"></setting>
        <setting type="string" name="skin.eminence.zeev.HomeMusicButton2"></setting>
        <setting type="string" name="skin.eminence.zeev.HomeMusicButton3"></setting>
        <setting type="string" name="skin.eminence.zeev.HomeMusicButton4"></setting>
        <setting type="string" name="skin.eminence.zeev.HomeMusicButton5"></setting>
        <setting type="string" name="skin.eminence.zeev.HomePictureButton1"></setting>
        <setting type="string" name="skin.eminence.zeev.HomePictureButton2"></setting>
        <setting type="string" name="skin.eminence.zeev.HomePictureButton3"></setting>
        <setting type="string" name="skin.eminence.zeev.HomePictureButton4"></setting>
        <setting type="string" name="skin.eminence.zeev.HomePictureButton5"></setting>
        <setting type="string" name="skin.eminence.zeev.HomeProgramButton1"></setting>
        <setting type="string" name="skin.eminence.zeev.HomeProgramButton2"></setting>
        <setting type="string" name="skin.eminence.zeev.HomeProgramButton3"></setting>
        <setting type="string" name="skin.eminence.zeev.HomeProgramButton4"></setting>
        <setting type="string" name="skin.eminence.zeev.HomeProgramButton5"></setting>
        <setting type="string" name="skin.eminence.zeev.clockheadercolor"></setting>
        <setting type="string" name="skin.eminence.zeev.busyloader"></setting>
        <setting type="string" name="skin.eminence.zeev.SkinHelper.ForcedViews.tvchannels"></setting>
    </skinsettings>
    <viewstates>
        <musicfiles>
            <viewmode>720896</viewmode>
            <sortmethod>1</sortmethod>
            <sortorder>1</sortorder>
            <sortattributes>0</sortattributes>
        </musicfiles>
        <musiclastfm>
            <viewmode>65536</viewmode>
            <sortmethod>1</sortmethod>
            <sortorder>1</sortorder>
            <sortattributes>0</sortattributes>
        </musiclastfm>
        <musicnavalbums>
            <viewmode>65536</viewmode>
            <sortmethod>1</sortmethod>
            <sortorder>1</sortorder>
            <sortattributes>0</sortattributes>
        </musicnavalbums>
        <musicnavartists>
            <viewmode>65536</viewmode>
            <sortmethod>1</sortmethod>
            <sortorder>1</sortorder>
            <sortattributes>0</sortattributes>
        </musicnavartists>
        <musicnavsongs>
            <viewmode>65536</viewmode>
            <sortmethod>1</sortmethod>
            <sortorder>1</sortorder>
            <sortattributes>0</sortattributes>
        </musicnavsongs>
        <pictures>
            <viewmode>720896</viewmode>
            <sortmethod>1</sortmethod>
            <sortorder>1</sortorder>
            <sortattributes>0</sortattributes>
        </pictures>
        <programs>
            <viewmode>720896</viewmode>
            <sortmethod>1</sortmethod>
            <sortorder>1</sortorder>
            <sortattributes>0</sortattributes>
        </programs>
        <videofiles>
            <viewmode>65595</viewmode>
            <sortmethod>1</sortmethod>
            <sortorder>1</sortorder>
            <sortattributes>1</sortattributes>
        </videofiles>
        <videonavactors>
            <viewmode>65536</viewmode>
            <sortmethod>1</sortmethod>
            <sortorder>1</sortorder>
            <sortattributes>0</sortattributes>
        </videonavactors>
        <videonavepisodes>
            <viewmode>65595</viewmode>
            <sortmethod>21</sortmethod>
            <sortorder>1</sortorder>
            <sortattributes>0</sortattributes>
        </videonavepisodes>
        <videonavgenres>
            <viewmode>65536</viewmode>
            <sortmethod>1</sortmethod>
            <sortorder>1</sortorder>
            <sortattributes>0</sortattributes>
        </videonavgenres>
        <videonavmusicvideos>
            <viewmode>65536</viewmode>
            <sortmethod>1</sortmethod>
            <sortorder>1</sortorder>
            <sortattributes>0</sortattributes>
        </videonavmusicvideos>
        <videonavseasons>
            <viewmode>65595</viewmode>
            <sortmethod>27</sortmethod>
            <sortorder>1</sortorder>
            <sortattributes>0</sortattributes>
        </videonavseasons>
        <videonavtitles>
            <viewmode>65595</viewmode>
            <sortmethod>15</sortmethod>
            <sortorder>2</sortorder>
            <sortattributes>0</sortattributes>
        </videonavtitles>
        <videonavtvshows>
            <viewmode>65595</viewmode>
            <sortmethod>27</sortmethod>
            <sortorder>1</sortorder>
            <sortattributes>1</sortattributes>
        </videonavtvshows>
        <videonavyears>
            <viewmode>65536</viewmode>
            <sortmethod>1</sortmethod>
            <sortorder>1</sortorder>
            <sortattributes>0</sortattributes>
        </videonavyears>
    </viewstates>
    <audio>
        <mute>false</mute>
        <fvolumelevel>0.711110</fvolumelevel>
    </audio>
</settings>
