<sources>
    <programs>
        <default pathversion="1"></default>
    </programs>
    <video>
        <default pathversion="1"></default>
        <source>
            <name>Movies TheWiz.Wall</name>
            <path pathversion="1">special://userdata/addon_data/plugin.video.thewiz.wall/library/movies/</path>
            <allowsharing>true</allowsharing>
        </source>
        <source>
            <name>TV TheWiz.Wall</name>
            <path pathversion="1">special://userdata/addon_data/plugin.video.thewiz.wall/library/tv/</path>
            <allowsharing>true</allowsharing>
        </source>
    </video>
    <music>
        <default pathversion="1"></default>
    </music>
    <pictures>
        <default pathversion="1"></default>
    </pictures>
    <files>
        <default pathversion="1"></default>
        <source>
            <name>VIBE</name>
            <path pathversion="1">http://www.the-vibe.co.il/repo.zip&#x0A;/</path>
            <allowsharing>true</allowsharing>
        </source>
        <source>
            <name>ICON OUT</name>
            <path pathversion="1">special://home/media/ICON/</path>
            <allowsharing>true</allowsharing>
        </source>
        <source>
            <name>D:</name>
            <path pathversion="1">D:\</path>
            <allowsharing>true</allowsharing>
        </source>
    </files>
</sources>
