<?xml version="1.0" encoding="utf-8"?><shortcuts>
	<shortcut>
		<defaultID>$INFO[Window(Home).Property(plexbmc.5.title)]</defaultID>
		<label>$INFO[Window(Home).Property(plexbmc.5.title)]</label>
		<label2>Video Add-ons</label2>
		<icon>special://skin/extras/hometiles/plexbmc.png</icon>
		<thumb/>
		<action>$INFO[Window(Home).Property(plexbmc.5.all)]</action>
	</shortcut>
	<shortcut>
		<defaultID>31127</defaultID>
		<label>31127</label>
		<label2>Video Add-ons</label2>
		<icon>special://skin/extras/hometiles/plexbmc.png</icon>
		<thumb/>
		<action>$INFO[Window(Home).Property(plexbmc.5.recent)]</action>
	</shortcut>
	<shortcut>
		<defaultID>575</defaultID>
		<label>575</label>
		<label2>Video Add-ons</label2>
		<icon>special://skin/extras/hometiles/plexbmc.png</icon>
		<thumb/>
		<action>$INFO[Window(Home).Property(plexbmc.5.viewed)]</action>
	</shortcut>
</shortcuts>