<?xml version="1.0" encoding="utf-8"?><shortcuts>
	<shortcut>
		<defaultID>favourites</defaultID>
		<label>1036</label>
		<label2>Common Shortcut</label2>
		<icon>DefaultShortcut.png</icon>
		<thumb>special://skin/extras/icons/favourites.png</thumb>
		<action>ActivateWindow(favourites)</action>
	</shortcut>
	<shortcut>
		<defaultID>movies</defaultID>
		<label>342</label>
		<label2>Common Shortcut</label2>
		<icon>DefaultShortcut.png</icon>
		<thumb>special://skin/extras/icons/movies.png</thumb>
		<action>ActivateWindow(Videos,MovieTitles,return)</action>
	</shortcut>
	<shortcut>
		<defaultID>tvshows</defaultID>
		<label>20343</label>
		<label2>Common Shortcut</label2>
		<icon>DefaultShortcut.png</icon>
		<thumb>special://profile/addon_data/script.skinshortcuts/skin.phenomenal-thumb-tvshows.png</thumb>
		<action>ActivateWindow(Videos,TVShowTitles,return)</action>
	</shortcut>
	<shortcut>
		<defaultID>srtymgnsys</defaultID>
		<label>סרטים ג'נסיס</label>
		<label2>Custom shortcut</label2>
		<icon>DefaultFolder.png</icon>
		<thumb>special://profile/addon_data/script.skinshortcuts/skin.phenomenal-thumb-srtymgnsys.png</thumb>
		<action>ActivateWindow(10025,&quot;plugin://plugin.video.genesis/?action=movieNavigator&quot;,return)</action>
	</shortcut>
	<shortcut>
		<defaultID>plugin.video.KIDSIL/</defaultID>
		<label>ילדים</label>
		<label2>מועדף</label2>
		<icon>DefaultFolder.png</icon>
		<thumb>special://profile/addon_data/script.skinshortcuts/skin.phenomenal-thumb-plugin.video.KIDSIL-.png</thumb>
		<action>ActivateWindow(10025,&quot;plugin://plugin.video.KIDSIL/&quot;,return)</action>
	</shortcut>
	<shortcut>
		<defaultID>rsht-rvts2</defaultID>
		<label>רשת VOD</label>
		<label2>מועדף</label2>
		<icon>DefaultFolder.png</icon>
		<thumb>special://profile/addon_data/script.skinshortcuts/skin.phenomenal-thumb-rsht-rvts2.png</thumb>
		<action>ActivateWindow(10025,&quot;plugin://plugin.video.ilten/?category=1945&quot;,return)</action>
	</shortcut>
	<shortcut>
		<defaultID>qsht-rvts2</defaultID>
		<label>קשת VOD</label>
		<label2>מועדף</label2>
		<icon>DefaultFolder.png</icon>
		<thumb>special://profile/addon_data/script.skinshortcuts/skin.phenomenal-thumb-qsht-rvts2.png</thumb>
		<action>ActivateWindow(10025,&quot;plugin://plugin.video.sdarot.tv/?mode=2&amp;module=http%3a%2f%2fwww.sdarot.pm%2fseries%2fgenre%2f20%d7%99%d7%a9%d7%a8%d7%90%d7%9c%d7%99&amp;name=%d7%99%d7%a9%d7%a8%d7%90%d7%9c%d7%99&amp;url=all-heb&quot;,return)</action>
	</shortcut>
	<shortcut>
		<defaultID>tv</defaultID>
		<label>32022</label>
		<label2>Common Shortcut</label2>
		<icon>DefaultShortcut.png</icon>
		<thumb>special://skin/extras/icons/tv.png</thumb>
		<action>ActivateWindow(TVChannels)</action>
	</shortcut>
	<shortcut>
		<defaultID>hvp-vtkhyvt</defaultID>
		<label>הופעות חיות</label>
		<label2>מועדף</label2>
		<icon>DefaultFolder.png</icon>
		<thumb>special://profile/addon_data/script.skinshortcuts/skin.phenomenal-thumb-hvp-vtkhyvt.png</thumb>
		<action>ActivateWindow(10025,&quot;plugin://plugin.video.kodisraelliveconcert/?action=main_list&amp;plot&amp;thumbnail&amp;title=%d7%94%d7%95%d7%a4%d7%a2%d7%95%d7%aa%20%d7%97%d7%99%d7%95%d7%aa&amp;url=%3fpid%3dPLFw7KwIWHNB0xJHalTpCNNzbKX_FzTdjR%26start-index%3d1%26max-results%3d30&quot;,return)</action>
	</shortcut>
	<shortcut>
		<defaultID>music</defaultID>
		<label>10005</label>
		<label2>Common Shortcut</label2>
		<icon>DefaultShortcut.png</icon>
		<thumb>special://skin/extras/icons/music.png</thumb>
		<action>ActivateWindow(Music,root)</action>
	</shortcut>
	<shortcut>
		<defaultID>vaddons</defaultID>
		<label>24001</label>
		<label2>Common Shortcut</label2>
		<icon>DefaultShortcut.png</icon>
		<thumb>special://skin/extras/icons/vaddons.png</thumb>
		<action>ActivateWindow(Videos,Addons,return)</action>
	</shortcut>
	<shortcut>
		<defaultID>settings</defaultID>
		<label>10004</label>
		<label2>Common Shortcut</label2>
		<icon>DefaultShortcut.png</icon>
		<thumb>special://skin/extras/icons/settings.png</thumb>
		<action>ActivateWindow(Settings)</action>
	</shortcut>
	<shortcut>
		<defaultID>script.globalsearch</defaultID>
		<label>137</label>
		<label2>Custom shortcut</label2>
		<icon>DefaultShortcut.png</icon>
		<thumb>special://skin/extras/icons/search.png</thumb>
		<action>RunScript(script.globalsearch)</action>
	</shortcut>
	<shortcut>
		<defaultID>10007</defaultID>
		<label>כיבוי</label>
		<label2>Custom shortcut</label2>
		<icon>DefaultShortcut.png</icon>
		<thumb>special://profile/addon_data/script.skinshortcuts/skin.phenomenal-thumb-10007.png</thumb>
		<action>ActivateWindow(shutdownmenu)</action>
	</shortcut>
</shortcuts>