<?xml version="1.0" encoding="utf-8"?><shortcuts>
	<shortcut>
		<defaultID>135</defaultID>
		<label>סרטים ג'נסיס</label>
		<label2>Custom shortcut</label2>
		<icon>$VAR[MoviesButtonThumb]</icon>
		<thumb>special://skin/extras/icons/movies.png</thumb>
		<action>ActivateWindow(10025,&quot;plugin://plugin.video.genesis/?action=root_movies&quot;,return)</action>
	</shortcut>
	<shortcut>
		<defaultID>135</defaultID>
		<label>סרטים ישראלים</label>
		<label2>Custom shortcut</label2>
		<icon>$VAR[RecentMoviesButtonThumb]</icon>
		<thumb>special://skin/extras/icons/movies.png</thumb>
		<action>ActivateWindow(10025,&quot;plugin://plugin.video.movixws/?iconimage=http%3a%2f%2fupload.wikimedia.org%2fwikipedia%2fcommons%2fthumb%2fd%2fd4%2fFlag_of_Israel.svg%2f250px-Flag_of_Israel.svg.png&amp;mode=2&amp;name=Israeli%20-%20%d7%99%d7%a9%d7%a8%d7%90%d7%9c%d7%99&amp;url=http%3a%2f%2fwww.movix.me%2fgenres%2fisraeli&quot;,return)</action>
	</shortcut>
	<shortcut>
		<defaultID>135</defaultID>
		<label>135</label>
		<label2>Movies</label2>
		<icon>$VAR[MoviesButtonThumb]</icon>
		<thumb>special://skin/extras/icons/movies.png</thumb>
		<action>ActivateWindow(10025,videodb://movies/genres/,return)</action>
	</shortcut>
	<shortcut>
		<defaultID>135</defaultID>
		<label>$SKIN[31035|skin.phenomenal|בחר צבע הדגשה]</label>
		<label2>Movies</label2>
		<icon>$VAR[InProgressMoviesButtonThumb]</icon>
		<thumb/>
		<action>$VAR[InProgressMoviesButtonOnClick]</action>
		<visible>Skin.HasSetting(IsTitanSkin)</visible>
	</shortcut>
	<shortcut>
		<defaultID>135</defaultID>
		<label>$SKIN[31036|skin.phenomenal|בחר צבע טקסט]</label>
		<label2>Movies</label2>
		<icon>$VAR[MB3FavoritesThumb]</icon>
		<thumb/>
		<action>$INFO[Window(Home).Property(MediaBrowser.std.movies.3.path)]</action>
		<visible>Skin.HasSetting(HomeMenuUseMBforMovies)</visible>
	</shortcut>
	<shortcut>
		<defaultID>135</defaultID>
		<label>16101</label>
		<label2>Movies</label2>
		<icon>$VAR[UnwatchedMoviesButtonThumb]</icon>
		<thumb/>
		<action>$VAR[UnwatchedMoviesButtonOnClick]</action>
		<visible>Skin.HasSetting(IsTitanSkin)</visible>
	</shortcut>
</shortcuts>