<?xml version="1.0" encoding="utf-8"?><shortcuts>
	<shortcut>
		<defaultID>15100</defaultID>
		<label>המצעד הישראלי</label>
		<label2>Custom shortcut</label2>
		<icon>$VAR[MusicButtonThumb]</icon>
		<thumb>special://skin/extras/icons/music.png</thumb>
		<action>ActivateWindow(10025,&quot;plugin://plugin.video.spotitube/'?limit&amp;mode=listGalgalatzCharts&amp;type=play&amp;url=http%3A%2F%2Fwww.glgltz.co.il%2FShared%2FAjax%2FGetTophitsByCategory.aspx%3FFolderId%3D1182%26amp%3Blang%3Dhe&quot;,return)</action>
	</shortcut>
	<shortcut>
		<defaultID>19021</defaultID>
		<label>נגן בילבורד</label>
		<label2>Custom shortcut</label2>
		<icon>special://skin/extras/hometiles/radio.png</icon>
		<thumb>special://skin/extras/icons/music.png</thumb>
		<action>ActivateWindow(10025,&quot;plugin://plugin.video.spotitube/'?limit&amp;mode=listBillboardCharts&amp;type=play&amp;url=http%3a%2f%2fwww.billboard.com%2frss%2fcharts%2fhot-100&quot;,return)</action>
		<visible>Skin.String(HomeMenuUseRadioCollection) | System.GetBool(pvrmanager.enabled)</visible>
	</shortcut>
	<shortcut>
		<defaultID>517</defaultID>
		<label>517</label>
		<label2>Music</label2>
		<icon>special://skin/extras/defaulticonswide/defaultmusicplugins.png</icon>
		<thumb>special://skin/extras/icons/music.png</thumb>
		<action>ActivateWindow(Music,musicdb://recentlyplayedalbums/,return)</action>
	</shortcut>
	<shortcut>
		<defaultID>359</defaultID>
		<label>359</label>
		<label2>Music</label2>
		<icon>special://skin/extras/defaulticonswide/defaultmusicrecentlyplayed.png</icon>
		<thumb>special://skin/extras/icons/music.png</thumb>
		<action>ActivateWindow(Music,musicdb://recentlyaddedalbums/,return)</action>
	</shortcut>
	<shortcut>
		<defaultID>musicvideos</defaultID>
		<label>20389</label>
		<label2>קליפים</label2>
		<icon>$VAR[MusicVideosButtonThumb]</icon>
		<thumb>special://skin/extras/icons/music.png</thumb>
		<action>ActivateWindow(10025,videodb://musicvideos/titles/,return)</action>
	</shortcut>
	<shortcut>
		<defaultID>1038</defaultID>
		<label>1038</label>
		<label2/>
		<icon>special://skin/extras/hometiles/music.png</icon>
		<thumb>special://skin/extras/icons/vaddons.png</thumb>
		<action>ActivateWindow(Music,addons://sources/audio/,return)</action>
	</shortcut>
</shortcuts>