<?xml version="1.0" encoding="utf-8"?><shortcuts>
	<shortcut>
		<defaultID>plugin.video.KIDSIL/</defaultID>
		<label>KIDSIL</label>
		<label2>מועדף</label2>
		<icon>DefaultFolder.png</icon>
		<thumb>special://profile/addon_data/script.skinshortcuts/skin.phenomenal-thumb-plugin.video.KIDSIL-.png</thumb>
		<action>ActivateWindow(10025,&quot;plugin://plugin.video.KIDSIL/&quot;,return)</action>
	</shortcut>
	<shortcut>
		<defaultID>plugin.video.htpt.kids</defaultID>
		<label>HTPT KIDS</label>
		<label2>הרחבת וידאו</label2>
		<icon>DefaultShortcut.png</icon>
		<thumb>special://profile/addon_data/script.skinshortcuts/skin.phenomenal-thumb-plugin.video.htpt.kids.png</thumb>
		<action>ActivateWindow(10025,&quot;plugin://plugin.video.htpt.kids&quot;,return)</action>
	</shortcut>
	<shortcut>
		<defaultID>plugin.video.kodisraelkids/</defaultID>
		<label>ילדודס</label>
		<label2>מועדף</label2>
		<icon>DefaultFolder.png</icon>
		<thumb>special://profile/addon_data/script.skinshortcuts/skin.phenomenal-thumb-plugin.video.kodisraelkids-.png</thumb>
		<action>ActivateWindow(10025,&quot;plugin://plugin.video.kodisraelkids/&quot;,return)</action>
	</shortcut>
	<shortcut>
		<defaultID>srtymmdvbbym</defaultID>
		<label>סרטים מדובבים</label>
		<label2>מועדף</label2>
		<icon>DefaultFolder.png</icon>
		<thumb>special://profile/addon_data/script.skinshortcuts/skin.phenomenal-thumb-srtymmdvbbym.png</thumb>
		<action>ActivateWindow(10025,&quot;plugin://plugin.video.movixws/?iconimage=http%3a%2f%2fwww.in-hebrew.co.il%2fimages%2flogo-s.jpg&amp;mode=2&amp;name=Kids%20-%20%d7%99%d7%9c%d7%93%d7%99%d7%9d&amp;url=http%3a%2f%2fwww.movix.me%2fgenres%2fKids&quot;,return)</action>
	</shortcut>
</shortcuts>