<?xml version="1.0" encoding="utf-8"?><shortcuts>
	<shortcut>
		<defaultID>20077</defaultID>
		<label>20077</label>
		<label2>Settings</label2>
		<icon>special://skin/extras/hometiles/settings.png</icon>
		<thumb>special://skin/extras/icons/settings.png</thumb>
		<action>ActivateWindow(SkinSettings)</action>
	</shortcut>
	<shortcut>
		<defaultID>20077</defaultID>
		<label>10004</label>
		<label2>Settings</label2>
		<icon>special://skin/extras/hometiles/settings.png</icon>
		<thumb>special://skin/extras/icons/settings.png</thumb>
		<action>ActivateWindow(Settings)</action>
	</shortcut>
	<shortcut>
		<defaultID>7</defaultID>
		<label>7</label>
		<label2>Common Shortcut</label2>
		<icon>special://skin/extras/hometiles/filemanager.png</icon>
		<thumb>special://skin/extras/icons/settings.png</thumb>
		<action>ActivateWindow(FileManager)</action>
	</shortcut>
</shortcuts>