<?xml version="1.0" encoding="utf-8"?><shortcuts>
	<shortcut>
		<defaultID/>
		<label>סרטים לפי שנה</label>
		<label2>הרחבת וידאו</label2>
		<icon>DefaultShortcut.png</icon>
		<thumb>special://profile/addon_data/script.skinshortcuts/skin.phenomenal-thumb-  .jpg</thumb>
		<action>ActivateWindow(10025,&quot;plugin://plugin.video.genesis/?action=movieYears&quot;,return)</action>
	</shortcut>
	<shortcut>
		<defaultID/>
		<label>סרטים מומלצים</label>
		<label2>הרחבת וידאו</label2>
		<icon>DefaultShortcut.png</icon>
		<thumb>special://profile/addon_data/script.skinshortcuts/skin.phenomenal-thumb- .jpg</thumb>
		<action>ActivateWindow(10025,&quot;plugin://plugin.video.genesis/?action=movies&amp;url=featured&quot;,return)</action>
	</shortcut>
	<shortcut>
		<defaultID/>
		<label>שוברי קופות</label>
		<label2>הרחבת וידאו</label2>
		<icon>DefaultShortcut.png</icon>
		<thumb>special://profile/addon_data/script.skinshortcuts/skin.phenomenal-thumb- .jpg</thumb>
		<action>ActivateWindow(10025,&quot;plugin://plugin.video.genesis/?action=movies&amp;url=boxoffice&quot;,return)</action>
	</shortcut>
	<shortcut>
		<defaultID/>
		<label>מועדפים שלי</label>
		<label2>הרחבת וידאו</label2>
		<icon>DefaultShortcut.png</icon>
		<thumb>special://profile/addon_data/script.skinshortcuts/skin.phenomenal-thumb- .jpg</thumb>
		<action>ActivateWindow(10025,&quot;plugin://plugin.video.genesis/?action=movieFavourites&quot;,return)</action>
	</shortcut>
</shortcuts>