<?xml version="1.0" encoding="utf-8"?><shortcuts>
	<shortcut>
		<defaultID>20387</defaultID>
		<label>20387</label>
		<label2>Videos</label2>
		<icon>$VAR[RecentTVseriesButtonThumb]</icon>
		<thumb>special://skin/extras/icons/tvshows.png</thumb>
		<action>ActivateWindow(10025,videodb://recentlyaddedepisodes/,return)</action>
	</shortcut>
	<shortcut>
		<defaultID>626</defaultID>
		<label>626</label>
		<label2>Videos</label2>
		<icon>$VAR[InprogressTVseriesButtonThumb]</icon>
		<thumb>special://skin/extras/icons/tvshows.png</thumb>
		<action>ActivateWindow(10025,library://video/inprogressshows.xml,return)</action>
	</shortcut>
	<shortcut>
		<defaultID>135</defaultID>
		<label>135</label>
		<label2>TV shows</label2>
		<icon>special://skin/extras/defaulticonswide/defaultgenre.png</icon>
		<thumb>special://skin/extras/icons/tvshows.png</thumb>
		<action>ActivateWindow(10025,videodb://tvshows/genres/,return)</action>
	</shortcut>
</shortcuts>