<?xml version="1.0" encoding="utf-8"?><shortcuts>
	<shortcut>
		<defaultID>videos</defaultID>
		<label>3</label>
		<label2>Common Shortcut</label2>
		<icon>special://skin/extras/icons/video-addons.png</icon>
		<thumb/>
		<action>ActivateWindow(Videos,VideoLibrary)</action>
	</shortcut>
	<shortcut>
		<defaultID>x1101</defaultID>
		<label>20342</label>
		<label2>Hub 1101</label2>
		<icon>special://skin/extras/icons/film.png</icon>
		<thumb/>
		<action>ActivateWindow(1101)</action>
	</shortcut>
	<shortcut>
		<defaultID>x1102</defaultID>
		<label>20343</label>
		<label2>Custom shortcut</label2>
		<icon>special://skin/extras/icons/tv.png</icon>
		<thumb/>
		<action>ActivateWindow(1102)</action>
	</shortcut>
	<shortcut>
		<defaultID>music</defaultID>
		<label>2</label>
		<label2>Common Shortcut</label2>
		<icon>special://skin/extras/icons/songs.png</icon>
		<thumb/>
		<action>ActivateWindow(1114)</action>
	</shortcut>
	<shortcut>
		<defaultID>livetv</defaultID>
		<label>31343584</label>
		<label2>Common Shortcut</label2>
		<icon>special://skin/extras/icons/livetv.png</icon>
		<thumb/>
		<action>ActivateWindow(MyPVR)</action>
	</shortcut>
	<shortcut>
		<defaultID>31313</defaultID>
		<label>$SKIN[31313|skin.eminence.zeev|ילדים]</label>
		<label2>Common Shortcut</label2>
		<icon>special://skin/extras/icons/rocket.png</icon>
		<thumb/>
		<action>ActivateWindow(1113)</action>
	</shortcut>
	<shortcut>
		<defaultID>VOD</defaultID>
		<label>$SKIN[31314|skin.eminence.zeev|Vod]</label>
		<label2>Common Shortcut</label2>
		<icon>special://skin/extras/icons/tvguide.png</icon>
		<thumb/>
		<action>ActivateWindow(1112)</action>
	</shortcut>
	<shortcut>
		<defaultID>1037</defaultID>
		<label>1037</label>
		<label2>וידאו</label2>
		<icon>DefaultAddonVideo.png</icon>
		<thumb/>
		<action>ActivateWindow(Videos,Addons,return)</action>
	</shortcut>
	<shortcut>
		<defaultID>חיפוש</defaultID>
		<label>חיפוש</label>
		<label2>Common Shortcut</label2>
		<icon>special://skin/extras/icons/search.png</icon>
		<thumb/>
		<action>RunScript(script.globalsearch)</action>
	</shortcut>
	<shortcut>
		<defaultID>settings</defaultID>
		<label>10004</label>
		<label2>Common Shortcut</label2>
		<icon>special://skin/extras/icons/settings.png</icon>
		<thumb/>
		<action>ActivateWindow(Settings)</action>
	</shortcut>
	<shortcut>
		<defaultID>power</defaultID>
		<label>33060</label>
		<label2>Common Shortcut</label2>
		<icon>special://skin/extras/icons/power.png</icon>
		<thumb/>
		<action>ActivateWindow(shutdownmenu)</action>
	</shortcut>
</shortcuts>