<?xml version='1.0' encoding='UTF-8'?>
<shortcuts>
	<shortcut>
		<defaultID>19019</defaultID>
		<label>רדיו</label>
		<label2>רדיו</label2>
		<icon>special://skin/extras/icons/songs.png</icon>
		<thumb />
		<action>ActivateWindow(RadioChannels)</action>
	</shortcut>
	<shortcut>
		<defaultID />
		<label>הופעות חיות</label>
		<label2>הרחבת וידאו</label2>
		<icon>DefaultShortcut.png</icon>
		<thumb>image://C%3a%5cUsers%5cNatan%5cAppData%5cRoaming%5cKodi%5caddons%5cplugin.video.kodisraelliveconcert%5cicon.png/</thumb>
		<action>ActivateWindow(10025,"plugin://plugin.video.kodisraelliveconcert/?action=main_list&amp;title=%D7%94%D7%95%D7%A4%D7%A2%D7%95%D7%AA+%D7%97%D7%99%D7%95%D7%AA&amp;url=%3Fpid%3DPLFw7KwIWHNB0xJHalTpCNNzbKX_FzTdjR%26start-index%3D1%26max-results%3D30&amp;thumbnail=&amp;plot=",return)</action>
	</shortcut>
	<shortcut>
		<defaultID>133</defaultID>
		<label>133</label>
		<label2>מוזיקה</label2>
		<icon>DefaultMusicArtists.png</icon>
		<thumb />
		<action>ActivateWindow(MusicLibrary,musicdb://artists/,return)</action>
	</shortcut>
	<shortcut>
		<defaultID>132</defaultID>
		<label>132</label>
		<label2>מוזיקה</label2>
		<icon>DefaultMusicAlbums.png</icon>
		<thumb />
		<action>ActivateWindow(MusicLibrary,musicdb://albums/,return)</action>
	</shortcut>
	<shortcut>
		<defaultID>134</defaultID>
		<label>134</label>
		<label2>מוזיקה</label2>
		<icon>DefaultMusicSongs.png</icon>
		<thumb />
		<action>ActivateWindow(MusicLibrary,musicdb://songs/,return)</action>
	</shortcut>
	<shortcut>
		<defaultID>744</defaultID>
		<label>744</label>
		<label2>מוזיקה</label2>
		<icon>DefaultFolder.png</icon>
		<thumb />
		<action>ActivateWindow(MusicFiles)</action>
	</shortcut>
	<shortcut>
		<defaultID>15100</defaultID>
		<label>15100</label>
		<label2>מוזיקה</label2>
		<icon>DefaultFolder.png</icon>
		<thumb />
		<action>ActivateWindow(MusicLibrary,MusicLibrary,return)</action>
	</shortcut>
</shortcuts>
