<?xml version='1.0' encoding='UTF-8'?>
<shortcuts>
	<shortcut>
		<defaultID>20342</defaultID>
		<label>20342</label>
		<label2>Movie Hub Shortcut</label2>
		<icon>special://skin/extras/icons/film.png</icon>
		<thumb />
		<action>ActivateWindow(Videos,MovieTitles,return)</action>
	</shortcut>
	<shortcut>
		<defaultID>31100</defaultID>
		<label>$SKIN[31100|skin.eminence.zeev|נוספו לאחרונה]</label>
		<label2>Movie Hub Shortcut</label2>
		<icon>special://skin/extras/icons/recentlyadded.png</icon>
		<thumb />
		<action>ActivateWindow(Videos,RecentlyAddedMovies,return)</action>
	</shortcut>
	<shortcut>
		<defaultID>135</defaultID>
		<label>135</label>
		<label2>Movie Hub Shortcut</label2>
		<icon>special://skin/extras/icons/genre.png</icon>
		<thumb />
		<action>ActivateWindow(Videos,MovieGenres,return)</action>
	</shortcut>
	<shortcut>
		<defaultID>137</defaultID>
		<label>חיפוש בקיר</label>
		<label2>Movie Hub Shortcut</label2>
		<icon>special://skin/extras/icons/search.png</icon>
		<thumb />
		<action>RunScript(script.globalsearch,tvshows=true&amp;episodes=true&amp;movies=true)</action>
	</shortcut>
	<shortcut>
		<defaultID />
		<label>חיפוש ג'נסיס</label>
		<label2>הרחבת וידאו</label2>
		<icon>DefaultShortcut.png</icon>
		<thumb>image://C%3a%5cUsers%5cNatan%5cAppData%5cRoaming%5cKodi%5caddons%5cplugin.video.genesis%5cresources%5cmedia%5cgone%5cmovieSearch.jpg/</thumb>
		<action>ActivateWindow(10025,"plugin://plugin.video.genesis/?action=movieSearch",return)</action>
	</shortcut>
	<shortcut>
		<defaultID>plugin.video.pulsar/movies/search</defaultID>
		<label>חיפוש פולסר</label>
		<label2>הרחבת וידאו</label2>
		<icon>DefaultShortcut.png</icon>
		<thumb>image://C%3a%5cUsers%5cNatan%5cAppData%5cRoaming%5cKodi%5caddons%5cplugin.video.pulsar%5cresources%5cimg%5csearch.png/</thumb>
		<action>ActivateWindow(10025,"plugin://plugin.video.pulsar/movies/search",return)</action>
	</shortcut>
	<shortcut>
		<defaultID />
		<label>חיפוש Kmedia</label>
		<label2>הרחבת וידאו</label2>
		<icon>DefaultShortcut.png</icon>
		<thumb>image://C%3a%5cUsers%5cNatan%5cAppData%5cRoaming%5cKodi%5caddons%5cplugin.video.kmediatorrent%5cicon.png/</thumb>
		<action>ActivateWindow(10025,"plugin://plugin.video.kmediatorrent/kat/search?sort_field=seeders&amp;sort_order=desc",return)</action>
	</shortcut>
</shortcuts>
