<?xml version='1.0' encoding='UTF-8'?>
<shortcuts>
	<shortcut>
		<defaultID>plugin.video.sdarot.tv</defaultID>
		<label>סדרות TV</label>
		<label2>הרחבת וידאו</label2>
		<icon>DefaultShortcut.png</icon>
		<thumb>special://skin/extras/icons/</thumb>
		<action>ActivateWindow(10025,"plugin://plugin.video.sdarot.tv",return)</action>
	</shortcut>
	<shortcut>
		<defaultID>yshrly</defaultID>
		<label>סדרות ישראליות</label>
		<label2>מועדף</label2>
		<icon>special://skin/extras/icons/files.png</icon>
		<thumb />
		<action>ActivateWindow(10025,"plugin://plugin.video.sdarot.tv/?mode=2&amp;module=http%3a%2f%2fwww.sdarot.pm%2fseries%2fgenre%2f20%d7%99%d7%a9%d7%a8%d7%90%d7%9c%d7%99&amp;name=%d7%99%d7%a9%d7%a8%d7%90%d7%9c%d7%99&amp;summary&amp;url=all-heb",return)</action>
	</shortcut>
	<shortcut>
		<defaultID />
		<label>ערוץ 2 - קשת</label>
		<label2>הרחבת וידאו</label2>
		<icon>DefaultShortcut.png</icon>
		<thumb>image://http%3a%2f%2fimg.mako.co.il%2f2010%2f08%2f11%2fmako%2520vod%2520c.jpg/</thumb>
		<action>ActivateWindow(10025,"plugin://plugin.video.MakoTV/?url=http%3A%2F%2Fwww.mako.co.il%2Fmako-vod-index&amp;mode=0&amp;name=%D7%AA%D7%9B%D7%A0%D7%99%D7%95%D7%AA+MakoTV&amp;iconimage=http://img.mako.co.il/2010/08/11/mako%20vod%20c.jpg",return)</action>
	</shortcut>
	<shortcut>
		<defaultID />
		<label>ערוץ 2 - רשת</label>
		<label2>הרחבת וידאו</label2>
		<icon>DefaultShortcut.png</icon>
		<thumb>special://profile/addon_data/script.skinshortcuts/skin.eminence.zeev-thumb-ערוץ 2 - רשת.png</thumb>
		<action>ActivateWindow(10025,"plugin://plugin.video.reshet.video/?category=14830",return)</action>
	</shortcut>
	<shortcut>
		<defaultID />
		<label>תכניות 10</label>
		<label2>הרחבת וידאו</label2>
		<icon>DefaultShortcut.png</icon>
		<thumb>image://C%3a%5cUsers%5cNatan%5cAppData%5cRoaming%5cKodi%5caddons%5cplugin.video.ilten%5cicon.png/</thumb>
		<action>ActivateWindow(10025,"plugin://plugin.video.ilten/?category=1945",return)</action>
	</shortcut>
	<shortcut>
		<defaultID>plugin.video.IBA</defaultID>
		<label>ערוץ 1</label>
		<label2>הרחבת וידאו</label2>
		<icon>DefaultShortcut.png</icon>
		<thumb>special://profile/addon_data/script.skinshortcuts/skin.eminence.zeev-thumb-plugin.video.IBA.png</thumb>
		<action>ActivateWindow(10025,"plugin://plugin.video.IBA",return)</action>
	</shortcut>
	<shortcut>
		<defaultID>plugin.video.wallaNew.video</defaultID>
		<label>וואלה</label>
		<label2>הרחבת וידאו</label2>
		<icon>DefaultShortcut.png</icon>
		<thumb>image://C%3a%5cUsers%5cNatan%5cAppData%5cRoaming%5cKodi%5caddons%5cplugin.video.wallaNew.video%5cicon.png/</thumb>
		<action>ActivateWindow(10025,"plugin://plugin.video.wallaNew.video",return)</action>
	</shortcut>
	<shortcut>
		<defaultID>plugin.video.wallaNew.video</defaultID>
		<label>וואלה - Yes</label>
		<label2>הרחבת וידאו</label2>
		<icon>DefaultShortcut.png</icon>
		<thumb>special://profile/addon_data/script.skinshortcuts/skin.eminence.zeev-thumb-plugin.video.wallaNew.video.png</thumb>
		<action>ActivateWindow(10025,"plugin://plugin.video.wallaNew.video",return)</action>
	</shortcut>
	<shortcut>
		<defaultID>plugin.video.hotVOD.video</defaultID>
		<label>Hot - הוט</label>
		<label2>הרחבת וידאו</label2>
		<icon>DefaultShortcut.png</icon>
		<thumb>special://profile/addon_data/script.skinshortcuts/skin.eminence.zeev-thumb-plugin.video.hotVOD.video.png</thumb>
		<action>ActivateWindow(10025,"plugin://plugin.video.hotVOD.video",return)</action>
	</shortcut>
</shortcuts>
