<?xml version='1.0' encoding='UTF-8'?>
<shortcuts>
	<shortcut>
		<defaultID>19026</defaultID>
		<label>19026</label>
		<label2>פקודת Kodi</label2>
		<icon>special://skin/extras/icons/addon.png</icon>
		<thumb />
		<action>AlarmClock(shutdowntimer,XBMC.Shutdown())</action>
	</shortcut>
	<shortcut>
		<defaultID>20151</defaultID>
		<label>20151</label>
		<label2>פקודת Kodi</label2>
		<icon>special://skin/extras/icons/addon.png</icon>
		<thumb />
		<action>CancelAlarm(shutdowntimer)</action>
	</shortcut>
	<shortcut>
		<defaultID>13014</defaultID>
		<label>13014</label>
		<label2>פקודת Kodi</label2>
		<icon>special://skin/extras/icons/sort-up.png</icon>
		<thumb />
		<action>Minimize</action>
	</shortcut>
</shortcuts>
