<?xml version='1.0' encoding='UTF-8'?>
<shortcuts>
	<shortcut>
		<defaultID />
		<label>חיפוש ג'נסיס</label>
		<label2>הרחבת וידאו</label2>
		<icon>DefaultShortcut.png</icon>
		<thumb>image://C%3a%5cUsers%5cProjactor%5cAppData%5cRoaming%5cKodi%5caddons%5cplugin.video.genesis%5cresources%5cmedia%5cgone%5ctvSearch.jpg/</thumb>
		<action>ActivateWindow(10025,"plugin://plugin.video.genesis/?action=tvSearch",return)</action>
	</shortcut>
	<shortcut>
		<defaultID>plugin.video.pulsar/shows/search</defaultID>
		<label>חיפוש פולסר</label>
		<label2>הרחבת וידאו</label2>
		<icon>DefaultShortcut.png</icon>
		<thumb>image://C%3a%5cUsers%5cProjactor%5cAppData%5cRoaming%5cKodi%5caddons%5cplugin.video.pulsar%5cresources%5cimg%5csearch.png/</thumb>
		<action>ActivateWindow(10025,"plugin://plugin.video.pulsar/shows/search",return)</action>
	</shortcut>
	<shortcut>
		<defaultID>plugin.video.sdarot.tv</defaultID>
		<label>Sdarot.tv</label>
		<label2>הרחבת וידאו</label2>
		<icon>DefaultShortcut.png</icon>
		<thumb>image://C%3a%5cUsers%5cProjactor%5cAppData%5cRoaming%5cKodi%5caddons%5cplugin.video.sdarot.tv%5cicon.png/</thumb>
		<action>ActivateWindow(10025,"plugin://plugin.video.sdarot.tv",return)</action>
	</shortcut>
</shortcuts>
