<?xml version='1.0' encoding='UTF-8'?>
<shortcuts>
	<shortcut>
		<defaultID>plugin.video.sdarot.tv</defaultID>
		<label>סדרות TV</label>
		<label2>הרחבת וידאו</label2>
		<icon>DefaultShortcut.png</icon>
		<thumb>special://profile/addon_data/script.skinshortcuts/skin.eminence.zeev-thumb-plugin.video.sdarot.tv.png</thumb>
		<action>ActivateWindow(10025,"plugin://plugin.video.sdarot.tv",return)</action>
	</shortcut>
	<shortcut>
		<defaultID />
		<label>ערוץ 2 - קשת</label>
		<label2>הרחבת וידאו</label2>
		<icon>DefaultShortcut.png</icon>
		<thumb>special://skin/extras/icons/ICONS/keshet3.png</thumb>
		<action>ActivateWindow(10025,"plugin://plugin.video.MakoTV/?url=http%3A%2F%2Fwww.mako.co.il%2Fmako-vod-index&amp;mode=0&amp;name=%D7%AA%D7%9B%D7%A0%D7%99%D7%95%D7%AA+MakoTV&amp;iconimage=http://img.mako.co.il/2010/08/11/mako%20vod%20c.jpg",return)</action>
	</shortcut>
	<shortcut>
		<defaultID />
		<label>ערוץ 2 - רשת</label>
		<label2>הרחבת וידאו</label2>
		<icon>DefaultShortcut.png</icon>
		<thumb>special://skin/extras/icons/ReshetTV.png</thumb>
		<action>ActivateWindow(10025,"plugin://plugin.video.reshet.video/?category=14830",return)</action>
	</shortcut>
	<shortcut>
		<defaultID />
		<label>ערוץ 10</label>
		<label2>הרחבת וידאו</label2>
		<icon>DefaultShortcut.png</icon>
		<thumb>special://skin/extras/icons/ICONS/10b.png</thumb>
		<action>ActivateWindow(10025,"plugin://plugin.video.ilten/?category=1945",return)</action>
	</shortcut>
	<shortcut>
		<defaultID>plugin.video.IBA</defaultID>
		<label>ערוץ 1</label>
		<label2>הרחבת וידאו</label2>
		<icon>DefaultShortcut.png</icon>
		<thumb>special://profile/addon_data/script.skinshortcuts/skin.eminence.zeev-thumb-plugin.video.IBA.png</thumb>
		<action>ActivateWindow(10025,"plugin://plugin.video.IBA",return)</action>
	</shortcut>
	<shortcut>
		<defaultID>plugin.video.wallaNew.video</defaultID>
		<label>וואלה</label>
		<label2>הרחבת וידאו</label2>
		<icon>DefaultShortcut.png</icon>
		<thumb>special://skin/extras/icons/ICONS/tvshows_85.png</thumb>
		<action>ActivateWindow(10025,"plugin://plugin.video.wallaNew.video",return)</action>
	</shortcut>
	<shortcut>
		<defaultID>plugin.video.wallaNew.video</defaultID>
		<label>וואלה - Yes</label>
		<label2>הרחבת וידאו</label2>
		<icon>DefaultShortcut.png</icon>
		<thumb>special://profile/addon_data/script.skinshortcuts/skin.eminence.zeev-thumb-plugin.video.wallaNew.video.png</thumb>
		<action>ActivateWindow(10025,"plugin://plugin.video.wallaNew.video",return)</action>
	</shortcut>
	<shortcut>
		<defaultID>plugin.video.hotVOD.video</defaultID>
		<label>Hot - הוט</label>
		<label2>הרחבת וידאו</label2>
		<icon>DefaultShortcut.png</icon>
		<thumb>special://profile/addon_data/script.skinshortcuts/skin.eminence.zeev-thumb-plugin.video.hotVOD.video.png</thumb>
		<action>ActivateWindow(10025,"plugin://plugin.video.hotVOD.video",return)</action>
	</shortcut>
	<shortcut>
		<defaultID>plugin.video.kodisraelstandup</defaultID>
		<label>סטנד אפ ישראלי</label>
		<label2>הרחבת וידאו</label2>
		<icon>DefaultShortcut.png</icon>
		<thumb>special://skin/extras/icons/ICONS/s-up.png</thumb>
		<action>ActivateWindow(10025,"plugin://plugin.video.kodisraelstandup",return)</action>
	</shortcut>
</shortcuts>
