<?xml version="1.0" encoding="utf-8"?><shortcuts>
	<shortcut>
		<defaultID>plugin.video.reshet.video</defaultID>
		<label>רשת</label>
		<label2>הרחבת וידאו</label2>
		<icon>DefaultShortcut.png</icon>
		<thumb>special://profile/addon_data/script.skinshortcuts/skin.eminence.zeev-thumb-plugin.video.reshet.video.png</thumb>
		<action>ActivateWindow(10025,&quot;plugin://plugin.video.reshet.video&quot;,return)</action>
	</shortcut>
	<shortcut>
		<defaultID>plugin.video.ilten</defaultID>
		<label>ערוץ 10</label>
		<label2>הרחבת וידאו</label2>
		<icon>DefaultShortcut.png</icon>
		<thumb>special://profile/addon_data/script.skinshortcuts/skin.eminence.zeev-thumb-plugin.video.ilten.png</thumb>
		<action>ActivateWindow(10025,&quot;plugin://plugin.video.ilten&quot;,return)</action>
	</shortcut>
	<shortcut>
		<defaultID>plugin.video.IBA</defaultID>
		<label>ערוץ 1</label>
		<label2>הרחבת וידאו</label2>
		<icon>DefaultShortcut.png</icon>
		<thumb>special://profile/addon_data/script.skinshortcuts/skin.eminence.zeev-thumb-plugin.video.IBA.png</thumb>
		<action>ActivateWindow(10025,&quot;plugin://plugin.video.IBA&quot;,return)</action>
	</shortcut>
	<shortcut>
		<defaultID>plugin.video.MakoTV/</defaultID>
		<label>MakoTV ver.2</label>
		<label2>מועדף</label2>
		<icon>special://skin/extras/icons/files.png</icon>
		<thumb>special://profile/addon_data/script.skinshortcuts/skin.eminence.zeev-thumb-plugin.video.MakoTV-.png</thumb>
		<action>ActivateWindow(10025,&quot;plugin://plugin.video.MakoTV/&quot;,return)</action>
	</shortcut>
</shortcuts>