<?xml version="1.0" encoding="utf-8"?><shortcuts>
	<shortcut>
		<defaultID>rvts2</defaultID>
		<label>ערוץ 2</label>
		<label2>מועדף</label2>
		<icon>special://skin/extras/icons/files.png</icon>
		<thumb>special://profile/addon_data/script.skinshortcuts/skin.eminence.zeev-thumb-rvts2.png</thumb>
		<action>PlayMedia(&quot;pvr://channels/tv/כל הערוצים/pvr.hts_1498655103.pvr&quot;,return)</action>
	</shortcut>
	<shortcut>
		<defaultID>rvts10</defaultID>
		<label>ערוץ 10</label>
		<label2>מועדף</label2>
		<icon>special://skin/extras/icons/files.png</icon>
		<thumb>special://profile/addon_data/script.skinshortcuts/skin.eminence.zeev-thumb-rvts10.png</thumb>
		<action>PlayMedia(&quot;pvr://channels/tv/כל הערוצים/pvr.hts_1912557920.pvr&quot;,return)</action>
	</shortcut>
	<shortcut>
		<defaultID>19019</defaultID>
		<label>19019</label>
		<label2>טלוויזיה חיה</label2>
		<icon>special://skin/extras/icons/tv.png</icon>
		<thumb/>
		<action>ActivateWindow(TVChannels)</action>
	</shortcut>
	<shortcut>
		<defaultID>22020</defaultID>
		<label>22020</label>
		<label2>טלוויזיה חיה</label2>
		<icon>DefaultTVShows.png</icon>
		<thumb/>
		<action>ActivateWindow(TVGuide)</action>
	</shortcut>
	<shortcut>
		<defaultID>19163</defaultID>
		<label>19163</label>
		<label2>טלוויזיה חיה</label2>
		<icon>DefaultTVShows.png</icon>
		<thumb/>
		<action>ActivateWindow(TVRecordings)</action>
	</shortcut>
	<shortcut>
		<defaultID>19040</defaultID>
		<label>19040</label>
		<label2>טלוויזיה חיה</label2>
		<icon>DefaultTVShows.png</icon>
		<thumb/>
		<action>ActivateWindow(TVTimers)</action>
	</shortcut>
	<shortcut>
		<defaultID>137</defaultID>
		<label>137</label>
		<label2>טלוויזיה חיה</label2>
		<icon>DefaultTVShows.png</icon>
		<thumb/>
		<action>ActivateWindow(TVSearch)</action>
	</shortcut>
</shortcuts>