<?xml version="1.0" encoding="utf-8"?><shortcuts>
	<shortcut>
		<defaultID>plugin.video.htpt.kids</defaultID>
		<label>HTPT KIDS</label>
		<label2>הרחבת וידאו</label2>
		<icon>DefaultShortcut.png</icon>
		<thumb>special://profile/addon_data/script.skinshortcuts/skin.eminence.zeev-thumb-plugin.video.htpt.kids.png</thumb>
		<action>ActivateWindow(10025,&quot;plugin://plugin.video.htpt.kids&quot;,return)</action>
	</shortcut>
	<shortcut>
		<defaultID/>
		<label>Kids - ילדים</label>
		<label2>הרחבת וידאו</label2>
		<icon>DefaultShortcut.png</icon>
		<thumb>special://profile/addon_data/script.skinshortcuts/skin.eminence.zeev-thumb-Kids - ילדים.jpg</thumb>
		<action>ActivateWindow(10025,&quot;plugin://plugin.video.movixws/?url=http%3A%2F%2Fwww.movix.me%2Fgenres%2FKids&amp;mode=2&amp;name=Kids+-+%D7%99%D7%9C%D7%93%D7%99%D7%9D&amp;iconimage=http%3A%2F%2Fwww.in-hebrew.co.il%2Fimages%2Flogo-s.jpg&amp;description=&quot;,return)</action>
	</shortcut>
	<shortcut>
		<defaultID>plugin.video.KIDSIL</defaultID>
		<label>KIDSIL</label>
		<label2>הרחבת וידאו</label2>
		<icon>DefaultShortcut.png</icon>
		<thumb>special://profile/addon_data/script.skinshortcuts/skin.eminence.zeev-thumb-plugin.video.KIDSIL.png</thumb>
		<action>ActivateWindow(10025,&quot;plugin://plugin.video.KIDSIL&quot;,return)</action>
	</shortcut>
	<shortcut>
		<defaultID>plugin.video.thewiz.kids</defaultID>
		<label>TheWiz Kids Area</label>
		<label2>הרחבת וידאו</label2>
		<icon>DefaultShortcut.png</icon>
		<thumb>special://profile/addon_data/script.skinshortcuts/skin.eminence.zeev-thumb-plugin.video.thewiz.kids.png</thumb>
		<action>ActivateWindow(10025,&quot;plugin://plugin.video.thewiz.kids&quot;,return)</action>
	</shortcut>
	<shortcut>
		<defaultID>plugin.video.kodisraelkids</defaultID>
		<label>ילדודס</label>
		<label2>הרחבת וידאו</label2>
		<icon>DefaultShortcut.png</icon>
		<thumb>special://profile/addon_data/script.skinshortcuts/skin.eminence.zeev-thumb-plugin.video.kodisraelkids.png</thumb>
		<action>ActivateWindow(10025,&quot;plugin://plugin.video.kodisraelkids&quot;,return)</action>
	</shortcut>
	<shortcut>
		<defaultID/>
		<label>סרטים מדובבים </label>
		<label2>הרחבת וידאו</label2>
		<icon>DefaultShortcut.png</icon>
		<thumb>special://profile/addon_data/script.skinshortcuts/skin.eminence.zeev-thumb-סרטים מדובבים.jpg</thumb>
		<action>ActivateWindow(10025,&quot;plugin://plugin.video.seretil/?url=http%3A%2F%2Fseretil.me%2Fcategory%2F%25D7%25A1%25D7%25A8%25D7%2598%25D7%2599%25D7%259D-%25D7%259E%25D7%2593%25D7%2595%25D7%2591%25D7%2591%25D7%2599%25D7%259D%2Fpage1%2F&amp;mode=4&amp;name=%D7%9E%D7%93%D7%95%D7%91%D7%91%D7%99%D7%9D+%D7%A8%D7%90%D7%A9%D7%99&amp;iconimage=http%3A%2F%2Fwww.in-hebrew.co.il%2Fimages%2Flogo-s.jpg&quot;,return)</action>
	</shortcut>
	<shortcut>
		<defaultID/>
		<label> סרטי מדע בדיוני</label>
		<label2>הרחבת וידאו</label2>
		<icon>DefaultShortcut.png</icon>
		<thumb>special://profile/addon_data/script.skinshortcuts/skin.eminence.zeev-thumb-סרטי מדע בדיוני.jpg</thumb>
		<action>ActivateWindow(10025,&quot;plugin://plugin.video.seretil/?url=http%3A%2F%2Fseretil.me%2Fcategory%2F%25D7%25A1%25D7%25A8%25D7%2598%25D7%2599%25D7%259D%2F%25D7%259E%25D7%2593%25D7%25A2-%25D7%2591%25D7%2593%25D7%2599%25D7%2595%25D7%25A0%25D7%2599%2Fpage1%2F&amp;mode=4&amp;name=+%D7%A1%D7%A8%D7%98%D7%99+%D7%9E%D7%93%D7%A2+%D7%91%D7%93%D7%99%D7%95%D7%A0%D7%99&amp;iconimage=http%3A%2F%2Fi.telegraph.co.uk%2Fmultimedia%2Farchive%2F01474%2Fet_1474485b.jpg&quot;,return)</action>
	</shortcut>
</shortcuts>